codigo,grupo,nombre,energykcal,energykj,water,prot,fat,chocdf,choavl,fib,fibtg,ash,ca,p,zn,fe,beta,retinol,vita,thia,ribf,nia,vitc,asct
A01,Cereales y derivados,"Achita, kiwicha o achis",343,1434,9.2,12.8,6.6,69.1,59.8,2.5,9.3,2.3,236,453,2.68,7.32,57,,0,0.09,0.18,1.58,1.3,
A02,Cereales y derivados,Arroz pilado o pulido cocido,115,480,72.2,2.4,0.1,25.2,25.2,0.1,,0.1,11,30,0.42,0.3,,,0,0,0,0.24,0,
A03,Cereales y derivados,Arroz blanco corriente,358,1500,13.4,7.8,0.7,77.6,77.6,0.4,,0.5,6,134,1.51,1.04,0,,,0.11,0.04,2.19,0.9,
A04,Cereales y derivados,Arroz con cáscara,325,1362,11.9,5.9,2,75.7,71.6,9.9,4.1,4.5,40,185,0.2,,,0,0,0.16,0.07,3.85,0,
A05,Cereales y derivados,Avena envasada,380,1592,6.1,13.7,4.7,71.3,71.3,0.5,,4.2,51,713,3.97,3.5,,0,0,0.55,0.12,1.5,0,
A06,Cereales y derivados,"Avena, hojuela cocida",54,224,87.1,1.3,0.5,10.9,10.9,0.2,,0.2,21,42,,0.5,,,,0,0.01,0.22,0,
A07,Cereales y derivados,"Avena, hojuela cruda",326,1364,8.8,13.3,4,72.2,61.6,1.7,10.6,1.7,49,407,3.97,4.1,,,0,0.15,0.09,1,0,
A08,Cereales y derivados,Cañihua amarilla,344,1439,12,14.3,5,62.8,62.8,9.4,,5.9,87,335,,10.8,,,,0.62,0.51,1.2,2.2,
A09,Cereales y derivados,Cañihua gris,343,1437,12.4,14,4.5,64,64,9.8,,5.1,110,375,,13,,,,0.47,0.65,1.13,1.1,
A10,Cereales y derivados,"Cañihua, hojuelas de",376,1572,8.1,17.6,8.3,60.7,60.7,10.2,,5.3,141,387,,12,,,,0.67,0.3,1.45,0,
A11,Cereales y derivados,Cañihua parda,343,1435,12.2,13.8,3.5,66.2,66.2,11,,4.3,171,496,,15,,,,0.57,0.75,1.56,0,
A12,Cereales y derivados,Cebada con cáscara,289,1210,9.7,8.4,2,77.5,60.2,7.3,17.3,2.4,61,320,2.78,4.58,313,2,1,0.24,0.08,7.86,0,
A13,Cereales y derivados,"Cebada, llunka de (morón americano)",252,1054,18.5,1.9,0.7,77.1,59.8,1.3,17.3,1.8,42,283,2.77,9.7,,0,1,0.25,0.18,2.25,2.1,
A14,Cereales y derivados,"Cebada, mashka o machica",306,1279,10,8.6,0.7,77.4,67.3,6.6,10.1,3.3,74,320,2,12.3,,0,0,0.12,0.25,8.7,1.9,
A15,Cereales y derivados,"Cebada para mote, pelada",328,1372,15.4,8.2,1.1,73.3,73.3,1.3,,2,47,202,,3.6,,0,,0.07,0.11,8.75,0,
A16,Cereales y derivados,"Cebada tostada, harina integral",282,1180,5.6,8.68,3.2,80.2,54.6,,25.4,2.5,,,,9.6,,,,,,,,
A17,Cereales y derivados,Cebada perlada o resbalada cocida,60,251,81,1,0.1,17.7,13.9,0.1,3.8,0.2,9,35,0.82,0.9,,,0,0,0.01,0.58,0,
A18,Cereales y derivados,Cebada perlada o resbalada cruda,281,1174,13.3,5.3,0.6,79.8,64.2,0.5,15.6,1,18,162,2.13,4,,,1,0.03,0.04,3.5,2,
A19,Cereales y derivados,Cebada tostada y molida (chaquepa),349,1460,9.9,7.7,0.8,79.7,79.7,5.3,,1.9,55,253,,7.1,,0,,0.12,0.18,9.6,0,
A20,Cereales y derivados,Chancay (bizcocho),355,1485,19.4,8.8,6.9,64.4,64.4,1.1,,0.5,47,108,,1,,0,,0.11,0.23,1.06,0,
A21,Cereales y derivados,Fideo crudo fortificado con hierro,337,1412,12.1,9.4,0.2,77.7,74.5,0.5,3.2,0.6,24,150,1.26,5.5,,0,0,0.13,0.13,1.5,0,
A22,Cereales y derivados,Fideo tallarín crudo fortificado con hierro,305,1274,20.4,9.5,0.1,69.6,66.4,1.1,3.2,0.4,40,137,1.26,5.5,,20,0,0.12,0.08,1,0,
A23,Cereales y derivados,Fideo tallarín sancochado fortiticado con hierro,90,378,75.5,3.1,0,21.3,19.5,0.4,1.8,0.1,25,25,0.5,1.35,,0,0,0.02,0.04,0.17,0,
A24,Cereales y derivados,Galleta de soda (salada),433,1810,4.8,10.1,14.7,68,65,0.7,3,2.4,38,134,0.83,1.5,,1,0,0.17,0.1,1.17,0,
A25,Cereales y derivados,Galleta de vainilla (dulce),434,1814,4.8,6,12.7,74.9,73.8,0.9,1.1,1.6,22,665,0.64,0.6,,0,0,0.04,0.04,0.5,0,
A26,Cereales y derivados,Maíz alazán,346,1449,13.7,8.2,3.7,72.7,72.7,2.2,,1.7,14,377,,0.7,,16,,0.32,0.22,2.15,2.5,
A27,Cereales y derivados,Maíz alazán (jora fresca),289,1210,28.1,5.4,2.8,62.3,62.3,0.5,,1.4,23,275,,,,4,,0.28,0.4,3.4,,
A28,Cereales y derivados,Maíz alazán (jora seca),347,1450,13.8,7,3.6,73.8,73.8,1.7,,1.8,38,346,,0.5,,6,,0.38,0.29,3.6,,
A29,Cereales y derivados,Maíz amarillo,355,1486,13.5,6.7,4.8,73.6,73.6,3.8,,1.4,6,267,1.51,1.92,352,2,0,0.29,0.06,2.17,0.7,
A30,Cereales y derivados,"Maíz, blanco crudo",341,1428,12.7,5.9,4,76.1,72.9,1.9,3.2,1.3,5,249,1.91,1.48,0,,0.5,0.25,0.05,2.26,2.6,
A31,Cereales y derivados,"Maíz, blanco tostado",389,1628,4.6,7.2,4.6,82.1,82.1,4.4,,1.5,6,270,,2.6,,,,0.01,0.01,0.54,0,
A32,Cereales y derivados,"Maíz, cancha tostada",339,1420,9.5,6.7,2.7,79.8,74.6,4.3,5.2,1.3,11,221,0.58,2.7,,2,2,0.15,0.34,2.73,9.8,
A33,Cereales y derivados,Maíz (chochoca),349,1462,13,5.2,2.5,78,78,3.4,,1.3,12,190,,1.5,,0,,0.33,0.11,2.85,0.7,
A34,Cereales y derivados,"Maíz, grano fresco (choclo)",115,482,67.3,3.3,0.8,27.8,25.1,1.5,2.7,0.8,8,113,0.45,0.8,,0,0,0.14,0.07,1.44,4.8,
A35,Cereales y derivados,"Maíz, germinado seco",314,1313,22,6.2,3.2,67,67,0.4,,1.6,22,285,,0.4,,4,,0.28,0.36,3.02,,
A36,Cereales y derivados,"Maíz, harina de",325,1358,11.9,8.7,6.5,71.2,61.6,3.9,9.6,1.7,64,454,1.73,2,,,0,0.45,0.13,2.25,1.2,
A37,Cereales y derivados,"Maíz, maicena",363,1517,8.3,0.26,0.1,91.3,90.4,0,0.9,0.1,2,13,0.06,,,,0.5,0,0,0,0,
A38,Cereales y derivados,"Maíz, morado sin coronta",355,1487,11.4,7.3,3.4,76.2,76.2,1.8,,1.7,12,328,,0.2,,8,,0.38,0.22,2.84,2.1,
A39,Cereales y derivados,"Maíz, mote de (sancochado)",103,431,74.5,2.6,1.3,21.1,21.1,1.4,,0.5,14,78,,1.2,,0,,0.03,0.09,0.54,0,
A40,Cereales y derivados,"Maíz, pachuco de",349,1459,13.4,7.3,3.9,73.5,73.5,1.7,,1.9,89,348,,3.7,,5,,0.41,0.31,2.87,3.9,
A41,Cereales y derivados,"Maíz, para mote pelado",349,1461,12.6,5.9,2.1,78.3,78.3,2.3,,1.1,47,187,,3.8,,0,,0.16,0.08,2.64,1.9,
A42,Cereales y derivados,"Maíz, para mote sin pelar",345,1445,12.8,5.7,1.5,78.7,78.7,3,,1.3,9,166,,4.4,,0,,0.26,0.14,2.63,2.1,
A43,Cereales y derivados,"Maíz, polenta cruda de",322,1349,13.3,8.3,1.2,74,72.4,1.2,1.6,3.2,70,58,0.41,2,,,0,0.09,0.06,4.45,0.9,
A44,Cereales y derivados,"Maíz, tocosh crudo",192,803,52.7,2.6,2.2,41.3,41.3,1.4,,1.2,11,44,,,,0,,0.02,0.2,1.25,0.8,
A45,Cereales y derivados,Pan de cebada (serrano),295,1236,24.4,7.2,0.2,66.2,66.2,2.6,,2,60,224,,6.5,,0,,0.3,0.23,6.35,,
A46,Cereales y derivados,Pan de labranza,328,1374,17.3,9.6,0.3,71.8,71.8,1.2,,1,40,107,,1.6,,0,,0.13,0.14,1.22,1,
A47,Cereales y derivados,Pan de molde,317,1326,20.8,6.8,2.5,69.2,66.8,,2.4,0.7,13,60,0.74,0.4,,,0,0.08,0.16,1.22,0,
A48,Cereales y derivados,Pan francés,277,1161,27,8.4,0.2,62.9,60.5,0.6,2.4,1.5,35,101,0.74,1,,0,0,0.11,0.16,1.14,1,
A49,Cereales y derivados,Pan francés fortificado con hierro,277,1161,27,8.4,0.2,62.9,60.5,0.6,2.4,1.5,35,101,0.74,3.14,,0,0,0.33,0.26,3.14,1,
A50,Cereales y derivados,"Quinua, afrecho de",338,1416,14.1,10.7,4.5,65.9,65.9,8.4,,4.8,573,342,,4,,0,,0.21,0.22,1,,
A51,Cereales y derivados,Quinua blanca (Junín),343,1436,11.8,12.2,6.2,67.2,61.3,5.7,5.9,2.6,85,155,3.3,4.2,,0,0,0.2,0.15,0.95,0,
A52,Cereales y derivados,Quinua blanca (Puno),346,1448,11.1,13.3,6.1,67.1,61.2,5.1,5.9,2.4,120,165,2.5,4.31,330,0,0,0.4,0.24,1.8,0,
A53,Cereales y derivados,Quinua cocida,86,359,79,2.8,1.3,16.3,16.3,0.7,,0.6,27,61,,1.6,,,,0.01,0,0.26,0,
A54,Cereales y derivados,Quinua,343,1434,11.5,13.6,5.8,66.6,60.7,1.9,5.9,2.5,56,242,3.3,7.5,,,0,0.48,0.03,1.4,0.5,
A55,Cereales y derivados,"Quinua dulce, blanca (Junín)",352,1474,11.1,11.1,7.7,67.4,61.5,6,5.9,2.7,93,355,3.3,4.3,,0,0,0.59,0.3,1.23,2.2,
A56,Cereales y derivados,"Quinua dulce, blanca (Puno)",340,1423,11.2,11.6,5.3,68.9,63,6.8,5.9,3,115,226,3.3,5.3,,0,0,0.73,0.21,1.09,1.1,
A57,Cereales y derivados,"Quinua dulce, rosada (Junín)",352,1471,11,12.3,7.2,67.1,61.2,7,5.9,2.4,80,344,3.3,4.3,,0,0,1,0.3,1.23,1.1,
A58,Cereales y derivados,"Quinua, harina de",341,1427,13.7,9.1,2.6,72.1,72.1,3.1,,2.5,181,61,,3.7,,0,,0.19,0.24,0.68,,
A59,Cereales y derivados,"Quinua, hojuelas de",374,1563,7,8.5,3.7,78.6,78.6,3.8,,2.2,114,60,,4.7,,0,,0.13,0.38,1.1,,
A60,Cereales y derivados,Quinua rosada (Puno),348,1454,10.2,12.5,6.4,67.6,61.7,3.1,5.9,3.3,124,205,3.3,5.2,,0,0,0.24,0.25,1.6,0,
A61,Cereales y derivados,"Quinua, sémola de",355,1485,12.6,19.5,10.7,53.8,47.9,8.3,5.9,3.4,76,,3.3,3.6,,0,0,0.21,0.25,1.84,0,
A62,Cereales y derivados,Sorgo,307,1283,12.2,8,4,72.8,66.5,7.5,6.3,3,50,370,,4.3,,0,0,0.25,0.23,3.85,0.9,
A63,Cereales y derivados,"Trigo, harina fortificada con hierro de",354,1480,10.8,10.5,2,76.3,73.6,1.5,2.7,0.4,36,108,0.7,5.5,,0,0,0.5,0.4,4.8,1.8,
A64,Cereales y derivados,"Trigo, llunka de",312,1307,16.1,9.1,1,71.8,71.8,2.9,,2,60,250,,1.6,,0,,0.33,0.26,1.95,2,
A65,Cereales y derivados,"Trigo, harina tostada de (machica)",347,1453,9,7.9,1.2,79.9,77.2,4.1,2.7,2,67,300,0.7,0.9,,0,0,0.1,0.48,2.11,2.7,
A66,Cereales y derivados,"Trigo, mote de (sancochado)",154,644,59,2.5,0.6,37,37,1.1,,0.9,38,118,,2.5,,0,,0.01,0.07,1.57,0.4,
A67,Cereales y derivados,Trigo para mote pelado cocido,69,289,82.9,1.9,0.1,14.7,14.7,0.2,,0.4,29,45,,0.4,,,,0,0,0.73,0,
A68,Cereales y derivados,Trigo para mote pelado crudo,355,1484,12.5,9.8,0.9,74.6,74.6,0.7,,2.2,80,274,,2.5,,,,0.18,0.23,4,0.9,
A69,Cereales y derivados,"Trigo, pelado",359,1503,12.6,8.4,1.4,76.1,76.1,2,,1.5,51,293,,4.6,,0,,0.22,0.15,3.85,,
A70,Cereales y derivados,Trigo resbalado cocido,90,379,77.9,2.8,0.3,18.6,18.6,0.3,,0.4,5,66,,0.5,,,,0.06,0.02,0.9,0.7,
A71,Cereales y derivados,Trigo resbalado crudo,357,1494,13.5,11.4,1.8,71.8,71.8,1.3,,1.5,17,299,,4.8,,,,0.3,0.17,5,4.5,
A72,Cereales y derivados,"Trigo, sémola de",335,1403,12.1,7.8,1.1,78.4,74.5,0.9,3.9,0.6,40,125,1.05,0.8,,0,0,0.14,0.08,1.21,0,
A73,Cereales y derivados,Trigo,303,1267,11.6,10.3,1.9,74.7,62.5,3,12.2,1.5,36,314,2.98,3.87,169,0,0,0.42,0.17,3.89,4.8,
B01,"Verduras, hortalizas, y derivados","Acelga, hojas de (sin tallo)",27,113,90.7,2.2,0.3,5.3,3.7,0.8,1.6,1.5,90,46,0.36,2.4,,176,306,0.04,0.26,0.56,14.1,
B02,"Verduras, hortalizas, y derivados","Acelga, tallos de",14,59,94.8,0.7,0.3,2.8,1.2,1.4,1.6,1.4,23,10,0.36,0.5,,9,306,0,0.03,0,4,
B03,"Verduras, hortalizas, y derivados",Ají amarillo fresco P.C.,39,163,88.9,0.9,0.7,8.8,8.8,2.4,,0.7,31,21,,0.9,,445,,0.06,0.58,1.25,60,
B04,"Verduras, hortalizas, y derivados",Ají amarillo molido fresco sin sal,52,218,60.2,1.9,1.7,9.2,9.2,4,,27,97,47,,3.5,,560,,0.18,0.21,1.3,16.2,
B05,"Verduras, hortalizas, y derivados",Ají amarillo seco,302,1264,16.6,7.3,6.3,64.8,36.1,23.2,28.7,5,124,166,1.02,8.2,,980,1324,0.12,1.48,4.15,6,
B06,"Verduras, hortalizas, y derivados",Ají panca P.C.,292,1222,20.2,7,7.8,58.5,29.8,22.4,28.7,6.5,142,209,1.02,4.9,,4412,1324,0.13,1.79,3.55,23,
B07,"Verduras, hortalizas, y derivados",Ají colorado no picante (molido con sal),48,201,69.8,1.9,1.3,9.2,7.7,3.3,1.5,17.8,175,35,0.26,5.6,,278,48,0.12,0.49,0.7,12,
B08,"Verduras, hortalizas, y derivados",Ají colorado molido,42,176,72.6,2.1,1,8,6.5,3,1.5,16.3,130,54,0.26,5,,213,48,0.09,0.44,0.8,19.2,
B09,"Verduras, hortalizas, y derivados",Ají de mesa P.C.,40,167,89.1,1.8,1.2,7.2,7.2,,,0.7,77,23,,1.3,,228,,0.17,0.6,0.95,104.4,
B10,"Verduras, hortalizas, y derivados",Ají de vaina P.C.,58,243,83.2,2.6,1.1,11.9,11.9,,,1.2,94,56,,1.7,,771,,0.22,0.47,2.65,12,
B11,"Verduras, hortalizas, y derivados",Ají dulce P.C.,26,109,92.4,0.7,0.4,6,4.3,1.4,1.7,0.5,10,43,0.13,3,,17,18,0.04,0.09,1.03,95,
B12,"Verduras, hortalizas, y derivados",Ají verde P.C.,57,238,82.9,2.5,0.8,12.4,12.4,2.9,,1.4,21,58,,1.3,,382,,,0.11,1.47,48.5,
B13,"Verduras, hortalizas, y derivados",Ajo sin cáscara,129,540,61.4,5.6,0.8,30.4,28.3,0.9,2.1,1.8,94,180,1.16,1.7,,0,0,0.14,0.07,0.42,9.1,
B14,"Verduras, hortalizas, y derivados",Albahaca sin tallo,43,180,86.7,2.9,1.2,7.3,3.4,1.5,3.9,1.9,325,38,0.85,5.3,,244,264,0.04,0.13,0.95,20,
B15,"Verduras, hortalizas, y derivados",Alcachofa P.C.,19,79,92.9,2.8,0.2,2.9,,1.4,5.4,1.2,42,51,0.49,1.1,,50,9,0.07,0.04,0.85,0,
B16,"Verduras, hortalizas, y derivados",Alfalfa brotes tiernos,29,121,91.1,4,0.7,3.8,1.3,3.1,2.5,0.4,32,70,0.92,5.4,,,8,0.08,0.13,0.48,8.2,
B17,"Verduras, hortalizas, y derivados",Apio sin hojas,21,88,93.4,0.7,0.2,4.8,3.2,1,1.6,0.9,70,28,0.13,1.5,,0,22,0.03,0.08,0.23,8.3,
B18,"Verduras, hortalizas, y derivados",Berenjena P.C.,37,155,89.7,1,0.8,7.9,4.5,1.7,3.4,0.6,20,30,0.16,0.3,,5,1,0.02,0.3,1.31,6.3,
B19,"Verduras, hortalizas, y derivados",Berenjena costeña o tomate de árbol,41,172,87.5,1.3,0.3,9.8,9.8,,,1.1,18,28,,0.2,,139,,0.1,0.04,,2.3,
B20,"Verduras, hortalizas, y derivados",Berro P.C.,33,138,89.3,3.4,0.8,5,4.5,1.5,0.5,1.5,234,66,0.11,6.5,,722,235,0.08,0.36,1.06,105.6,
B21,"Verduras, hortalizas, y derivados",Brócoli P.C.,40,167,87.3,4.9,0.9,5.7,3.1,1.6,2.6,1.2,93,86,0.41,1.2,,63,31,0.11,0.1,0.83,114,
B22,"Verduras, hortalizas, y derivados",Caigua P.C.,15,63,95,0.5,0.2,3.3,3.3,1.6,,1,34,43,,0.9,,9,,0.02,0.02,0.17,11.4,
B23,"Verduras, hortalizas, y derivados",Caigua serrana P.C.,20,84,93.5,1.5,0.1,4.1,4.1,,,0.8,32,32,,0.5,,33,,0.05,0.07,,6.9,
B24,"Verduras, hortalizas, y derivados",Calabaza china P.C.,23,96,93.1,0.7,0.1,5.8,2.9,0.4,2.9,0.3,29,15,0.61,0.1,,0,0,0.02,0.02,0.29,13,
B25,"Verduras, hortalizas, y derivados",Calabaza italiana P.C.,21,88,93.9,0.5,0.3,4.9,3.2,0.8,1.7,0.4,11,19,0.74,0.6,,3,3,0.03,0.04,0.28,10,
B26,"Verduras, hortalizas, y derivados",Cebolla blanca P.C.,32,134,91.2,0.9,0.1,7.4,6,0.4,1.4,0.4,100,33,0.16,0.2,,3,0,0.03,0.05,0.14,7.5,
B27,"Verduras, hortalizas, y derivados",Cebolla chilena P.C.,26,109,92.9,0.8,0.1,5.9,4.5,1.8,1.4,0.3,20,17,0.16,1,,0,0,0.02,0.04,0.12,3.7,
B28,"Verduras, hortalizas, y derivados",Cebollita china P.C.,39,163,88.7,2.3,0.4,7.5,7.5,1.3,,1.1,141,61,0.52,1.1,,0,58,0.02,0.01,0.4,10.5,
B29,"Verduras, hortalizas, y derivados",Cebolla de cabeza P.C.,49,205,86.3,1.4,0.2,11.3,9.9,0.8,1.4,0.8,20,35,0.16,1.2,,0,0,0.03,0.06,0.22,4.9,
B30,"Verduras, hortalizas, y derivados",Cebolla de cola P.C.,33,138,90.6,0.9,0.1,7.8,6.4,1.9,1.4,0.6,44,32,0.16,4.9,,29,0,0.04,0.09,0.2,7.2,
B31,"Verduras, hortalizas, y derivados",Col blanca P.C.,23,96,93.1,1.3,0.3,4.8,2.5,0.8,2.3,0.5,46,46,0.18,0.4,,1,9,0.01,0.03,0.18,31.4,
B32,"Verduras, hortalizas, y derivados","Col crespa o repollo, sin cogollo",24,100,92.4,1.5,0.3,4.9,2.6,1.2,2.3,0.9,70,69,0.18,0.4,,15,9,0.03,0.03,0.33,48.5,
B33,"Verduras, hortalizas, y derivados",Col china sin tallo,26,109,91,1.8,0.3,5.3,4.3,0.6,1,1.6,70,16,0.19,1.5,,0,0,0.01,0.16,0.66,21.6,
B34,"Verduras, hortalizas, y derivados",Col de “Bruselas” P.C.,58,243,81.3,4.6,0.4,12.3,8.5,1.9,3.8,1.4,109,11,0.42,1.8,,41,0,0.18,0.17,1.1,82.5,
B35,"Verduras, hortalizas, y derivados","Col, hojas de P.C.",39,163,88.1,2.7,0.6,7.6,5.6,1.7,2,1,170,42,0.44,0.1,,51,769,0.09,0.06,1.43,96.3,
B36,"Verduras, hortalizas, y derivados",Col negra P.C.,27,113,91.7,1.7,0.4,5.5,1.9,1.2,3.6,0.7,24,10,0.13,0.2,,12,333,0.04,0.06,0.31,49.3,
B37,"Verduras, hortalizas, y derivados",Col silvestre P.C.,54,226,82.9,2.5,0.6,12.1,12.1,,,1.9,477,47,,1.1,,248,,0.05,0.06,,136,
B38,"Verduras, hortalizas, y derivados",Coliflor sin tallo y sin hojas,28,117,91.6,2.2,0.6,4.4,1.9,1.8,2.5,1.2,26,66,0.28,0.6,,3,1,0.05,0.07,0.49,75.3,
B39,"Verduras, hortalizas, y derivados",Culantro sin tallo,44,184,85.6,3.3,1.3,7,4.2,1.6,2.8,2.8,259,63,0.5,5.3,,,337,0.08,0.27,1.86,37.2,
B40,"Verduras, hortalizas, y derivados","Chiclayo, calabaza P.C.",22,92,93.2,0.6,0.1,5.6,3.9,0.5,1.7,0.5,13,25,0.74,0.2,,1,3,0.08,0.05,0.19,3.7,
B41,"Verduras, hortalizas, y derivados",Chonta P.C.,49,205,84.9,3.4,0.7,9.7,9.7,0.8,,1.3,138,109,,1.7,,,,0.02,0.12,0.72,3.2,
B42,"Verduras, hortalizas, y derivados",Escarola P.C.,18,75,93.6,1.2,0.2,3.8,0.7,1.1,3.1,1.2,85,76,0.79,2,,159,108,0.07,0.07,0.47,8.6,
B43,"Verduras, hortalizas, y derivados",Espárragos P.C.,23,96,92.3,2.2,0.2,4.6,2.5,1.6,2.1,0.7,35,35,0.54,1.2,,4,38,0.09,0.05,0.82,8,
B44,"Verduras, hortalizas, y derivados",Espinaca blanca P.C.,32,134,89.5,1.9,0.6,6.3,4.1,0.8,2.2,1.7,80,40,0.53,4.6,,190,469,0.08,0.25,0.65,16.4,
B45,"Verduras, hortalizas, y derivados",Espinaca negra sin tronco,32,134,90,2.8,0.9,4.9,2.7,1.5,2.2,1.4,234,45,0.53,4.3,,378,469,0.07,0.2,0.69,15.2,
B46,"Verduras, hortalizas, y derivados",Frijolito chino germinado,41,172,87.4,4.5,0.7,6.7,6.7,1.2,,0.7,22,261,,0.8,,1,,0.05,0.07,0.97,15.4,
B47,"Verduras, hortalizas, y derivados",Hierbabuena P.C.,33,138,86.7,3.1,1,7,,2.5,8,2.2,206,70,1.11,9.1,,,212,0.06,0.13,1,2,
B48,"Verduras, hortalizas, y derivados",Huacatay sin tallo,47,197,83.4,5,0.8,8.8,8.8,2.3,,2,412,79,,8.7,,426,,0.06,0.27,1.47,17.1,
B49,"Verduras, hortalizas, y derivados","Janchoy, hojas de",27,113,90.8,1.6,0.2,6,6,1,,1.4,113,55,,2.9,,276,,0.05,0.13,0.47,22.2,
B50,"Verduras, hortalizas, y derivados","Jetka, hojas de",66,276,78.1,7.3,1.7,9.5,9.5,2.8,,3.4,548,133,,8.4,,350,,0.3,0.16,2.72,0.7,
B51,"Verduras, hortalizas, y derivados","Kailán, hojas de",48,201,84.9,3.2,0.9,9.1,9.1,1.3,,1.9,581,46,,2.4,,102,,0.03,0.26,0.54,103.8,
B52,"Verduras, hortalizas, y derivados","Kailán, tallos de",24,100,92,1.2,0.3,5.2,5.2,1.4,,1.3,301,64,,3.1,,26,,0.01,0.09,0.94,57.6,
B53,"Verduras, hortalizas, y derivados",Lechuga americana P.C.,11,46,96.6,0.6,0.1,2.4,1.2,0.7,1.2,0.3,52,20,0.15,0.1,,6,25,0.02,0.06,0.13,1.5,
B54,"Verduras, hortalizas, y derivados",Lechuga larga P.C.,19,79,93.4,1.5,0.2,3.9,1.8,1,2.1,1,64,63,0.23,1.6,,120,290,0.06,0.08,0.52,14.5,
B55,"Verduras, hortalizas, y derivados",Lechuga redonda P.C.,12,50,95.7,1.3,0.2,2.1,0.8,0.8,1.3,0.7,47,49,0.18,1,,63,370,0.06,0.05,0.48,7.4,
B56,"Verduras, hortalizas, y derivados",Manchay P.C.,53,222,84.8,0.4,0.1,14.4,14.4,0.8,,0.3,44,16,,1.3,,238,,0.36,0.34,0.61,4,
B57,"Verduras, hortalizas, y derivados","Mastuerzo, hojas de",48,201,86.3,1.8,1.3,9.2,8.1,0.5,1.1,1.4,211,85,0.23,1.3,,,346,0.09,0.35,1.04,25.2,
B58,"Verduras, hortalizas, y derivados","Mostaza, hojas de P.C.",32,134,89,3.5,0.6,5.2,2.1,1.3,3.1,1.7,478,92,0.27,1.7,,,50,0.29,0.2,0.8,70,
B59,"Verduras, hortalizas, y derivados","Muña, seca",268,1121,16,3.2,2.8,66.3,66.3,9.4,,11.7,2237,269,,22.4,,306,,0.35,1.81,6.85,0,
B60,"Verduras, hortalizas, y derivados",Nabo P.C.,16,67,94.7,0.6,0.2,3.6,1.8,0.6,1.8,0.9,34,34,0.27,0.1,,0,0,0.01,0.04,0.23,21.1,
B61,"Verduras, hortalizas, y derivados","Nabo, hojas de",35,146,88.1,2.9,0.4,7,3.8,2.5,3.2,1.6,367,95,0.19,2.8,,309,579,0.12,0.38,2.4,49.2,
B62,"Verduras, hortalizas, y derivados",Orégano fresco,48,201,85.1,1.6,0.5,11.3,11.3,1.8,,1.5,312,46,,9.3,,,,0.08,0.3,0.65,10,
B63,"Verduras, hortalizas, y derivados","Pacchoy, hojas de",28,117,90.5,1.3,0.3,6.3,5.3,0.9,1,1.6,235,60,0.19,3,,178,223,0.05,0.1,0.73,50,
B64,"Verduras, hortalizas, y derivados","Pacchoy, tallos de",22,92,92,0.4,0.2,5.4,4.4,0.5,1,2,302,84,0.19,1.2,,0,223,0.01,0.05,0.53,12,
B65,"Verduras, hortalizas, y derivados",Paico,54,226,81.7,5,1.1,9.2,5.4,2.1,3.8,3,459,65,1.1,6.3,,674,3,0.11,0.42,1.12,34.7,
B66,"Verduras, hortalizas, y derivados",Pajuro P.C.,120,502,64.4,2.1,0.3,31.5,31.5,1.5,,1.7,25,105,,1.2,,0,,0.05,0.22,1.39,42,
B67,"Verduras, hortalizas, y derivados",Pepinillo sin cáscara,11,46,96.4,0.5,0.1,2.6,1.9,0.4,0.7,0.4,20,22,0.17,0.3,,1,4,0.03,0.04,0.09,12.6,
B68,"Verduras, hortalizas, y derivados",Perejil sin tallo,56,234,82,4.8,0.7,9.9,6.6,1.6,3.3,2.6,202,76,1.07,8.7,,452,421,0.07,0.32,2.87,95.8,
B69,"Verduras, hortalizas, y derivados",Pimiento P.C.,35,146,89.6,1.5,0.5,7.7,5.7,1.2,2,0.7,12,24,0.25,0.5,,125,157,0.05,0.11,1.58,108.3,
B70,"Verduras, hortalizas, y derivados",Pirca P.C.,42,176,86.2,4,0.6,7.6,7.6,1.7,,1.6,230,58,,6,,132,,0.13,0.31,0.82,17,
B71,"Verduras, hortalizas, y derivados",Poro sin hojas,40,167,87.8,2.7,0.8,7.6,5.8,1.3,1.8,1.1,78,50,0.12,0.7,,8,83,0.09,0.08,0.46,8.6,
B72,"Verduras, hortalizas, y derivados","Quinua, hojas de",50,209,81.4,4.7,0.6,9.5,9.5,1.8,,3.8,377,63,,1.5,,251,,0.06,0.95,1.2,11.1,
B73,"Verduras, hortalizas, y derivados",Rabanitos P.C.,14,59,95.1,0.8,0.1,2.9,1.3,0.7,1.6,1.1,36,29,0.28,1,,0,0,0.01,0.02,0.29,18.6,
B74,"Verduras, hortalizas, y derivados",Rabicol P.C.,22,92,92.8,2,0.2,4.2,4.2,2.2,,0.8,41,41,,0.3,,1,,0.01,0.04,0.43,94.1,
B75,"Verduras, hortalizas, y derivados",Radicheta o achicoria P.C.,31,130,90,1.9,0.5,6.2,2.2,1.4,4,1.4,273,34,0.42,,,158,286,0.07,0.14,0.51,9,
B76,"Verduras, hortalizas, y derivados",Rocoto fresco P.C.,36,151,89.5,1.2,0.5,8.2,8.2,1.5,,0.6,6,22,,0.5,,35,,0.01,0.14,1.15,14.9,
B77,"Verduras, hortalizas, y derivados",Ruda,82,343,75.4,4.1,1.7,16.1,16.1,2.5,,2.7,552,72,,7.7,,879,,,0.76,1.62,112,
B78,"Verduras, hortalizas, y derivados",Siuca culantro P.C.,38,159,87.6,1.9,0.5,8.1,5.3,2.1,2.8,1.9,195,68,0.5,4.9,,111,337,0.06,0.22,1,0.7,
B79,"Verduras, hortalizas, y derivados",Tomate P.C.,19,79,94.2,0.8,0.2,4.3,3.1,0.8,1.2,0.5,7,20,0.17,0.6,,37,42,0.04,0.06,0.62,18.4,
B80,"Verduras, hortalizas, y derivados",Tomate italiano P.C.,16,67,94.8,0.8,0.2,3.6,2.4,1,1.2,0.6,7,25,0.17,0.3,,46,42,0.06,0.06,0.63,32.5,
B81,"Verduras, hortalizas, y derivados","Tomate con carne, salsa de ",93,389,77.7,2.7,5.7,11,12,1,,2.9,20,67,,2.1,,,,0.13,,1.1,9.4,
B82,"Verduras, hortalizas, y derivados","Tomate, salsa de",23,96,75,1.5,0.7,3.9,2.4,1.8,1.5,18.9,117,64,0.2,3,,123,17,0.1,0.12,0.6,0,
B83,"Verduras, hortalizas, y derivados","Tomate, salsa concentrada de",73,305,75.3,2.7,1,16.8,17.8,1.3,,4.2,19,103,,2.9,,,,0.12,,1.5,26.8,
B84,"Verduras, hortalizas, y derivados",Vainitas P.C.,37,155,88.2,2.4,0.3,8.1,4.7,2.3,3.4,1,88,49,0.24,1.4,,28,35,0.07,0.2,0.71,9.6,
B85,"Verduras, hortalizas, y derivados",Zanahoria amarilla sin cáscara,41,172,89,0.6,0.5,9.2,6.4,1.2,2.8,0.7,33,16,0.24,0.5,,,841,0.04,0.04,0.18,17.4,
B86,"Verduras, hortalizas, y derivados","Zanahoria, harina de",293,1226,11.8,7.3,1.5,67.7,67.7,6.9,,11.7,418,384,,,,,,0.38,0.33,3.74,10,
B87,"Verduras, hortalizas, y derivados",Zapallo italiano P.C.,14,59,95.4,0.9,0.2,2.9,2.9,0.5,,0.6,27,34,,0.3,,0,,0.01,0.33,0.42,26.2,
B88,"Verduras, hortalizas, y derivados",Zapallo loche P.C.,80,335,75.7,1.6,0.1,21.1,19.1,1.2,2,1.5,20,57,0.15,1.2,,108,532,0.05,0.08,1.23,2.6,
B89,"Verduras, hortalizas, y derivados",Zapallo macre P.C.,26,109,92,0.7,0.2,6.4,6.4,1,,0.7,26,17,0.13,0.6,,154,68,0.03,0.04,0.4,5.7,
C01,Frutas y derivados,Abridores P.C.,63,264,82,0.8,0.1,16.4,14.9,0.8,1.5,0.7,6,35,0.17,0.4,,49,16,0.03,0.05,1.17,27.5,
C02,Frutas y derivados,Aceituna de botija P.C.,298,1247,57.5,0.8,32.1,7.3,7.3,1.4,,2.3,86,55,,2.4,,0,,0.03,0.22,0.8,0,
C03,Frutas y derivados,Aceitunas negras preparadas P.C.,304,1272,41,2.2,22.4,30.3,27.1,1.5,3.2,4.1,67,63,0.22,7.4,,,20,0.03,0.24,1,0,
C04,Frutas y derivados,Airampo P.C.,49,205,85.9,1.8,0.5,11.2,11.2,,,0.6,85,0,,,,,,0.01,0.02,24,,
C05,Frutas y derivados,Aguaje P.C.,283,1184,53.6,2.3,25.1,18.1,18.1,10.4,,0.9,74,27,,0.7,,706,,0.12,0.17,0.3,0,
C06,Frutas y derivados,Anona P.C.,53,222,85,1.1,0.4,12.9,10.5,1.2,2.4,0.6,16,37,,0.2,,0,2,0.07,0.23,0.79,3.4,
C07,Frutas y derivados,Melocotón-durazno-blanquillo P.C.,64,268,81.7,0.6,0.1,17.1,15.6,0.6,1.5,0.5,4,22,0.17,0.3,,0,16,0.03,0.04,0.9,15.3,
C08,Frutas y derivados,Caimito,60,251,83.5,1.8,0.5,13.6,10.8,,2.8,0.6,88,19,,0.2,,,,0.01,0.02,24,13,
C09,Frutas y derivados,Camu-camu P.C.,24,100,93.3,0.5,0.1,5.9,5.9,0.4,,0.2,28,15,,0.5,,0,,0.01,0.04,0.61,2780,
C10,Frutas y derivados,Capulí P.C.,63,264,82.3,0.7,0.4,15.9,15.9,0.6,,0.7,26,26,,0.9,,19,36,0.07,0.11,1.45,0,
C11,Frutas y derivados,Chambiro P.C.,118,494,75.9,1.5,7.3,14.5,14.5,8.4,,0.8,47,59,,0.6,,0,,0.08,0.23,0.2,4.2,
C12,Frutas y derivados,Chirimoya P.C.,87,364,75.1,1.2,0.2,22.6,20.3,1.5,2.3,0.9,20,63,0.18,0.7,,0,0,0.09,0.16,1.62,3.3,
C13,Frutas y derivados,Ciruela P.C.,82,343,76.3,1,0.2,21.5,21.5,0.5,,1,20,53,,0.9,,23,,0.05,0.06,1.44,36.8,
C14,Frutas y derivados,Coco P.C.,286,1197,56.4,3.4,28.1,10.8,10.8,2.3,,1.3,8,51,0.25,1.8,,0,1,0.02,0.05,0.58,0.9,
C15,Frutas y derivados,"Coco, agua de",14,59,95.5,0.7,0.1,3.1,2,0,1.1,0.6,21,7,0.1,0,,0,0,0.03,0.01,0.08,0.8,
C16,Frutas y derivados,Cocona P.C.,41,172,88.5,0.9,0.7,9.2,9.2,2.5,,0.7,16,30,,1.5,,23,,0.06,0.1,2.25,4.5,
C17,Frutas y derivados,Dátiles P.C.,224,937,36.8,1.4,0.5,59.8,51.8,2.8,8,1.5,60,29,0.29,0.8,,5,0,0.1,0.09,0.13,2.9,
C18,Frutas y derivados,Fresa P.C.,41,172,89.1,0.7,0.8,8.9,6.9,1.4,2,0.5,37,28,0.14,1.2,,7,1,0.04,0.05,0.26,42,
C19,Frutas y derivados,Granada P.C.,68,285,80,0.5,0.1,18.3,17.7,0.5,0.6,1.1,10,38,0.12,0.3,,0,5,0.09,0.04,1.56,5.2,
C20,Frutas y derivados,Granadilla P.C.,80,335,78.9,2.2,2,15.6,15.6,3.5,,1.3,17,128,,0.4,,0,28,0.11,0.13,2.14,15.8,
C21,Frutas y derivados,"Granadilla, jugo enlatado de",68,285,82,1.1,0,16.1,16.1,0.2,,0.8,6,50,,0.6,,,,0,0.03,,129.6,
C22,Frutas y derivados,Guanábana P.C.,56,234,84,0.9,0.2,14.3,11,1.1,3.3,0.6,38,43,0.1,0.7,,0,0,0.05,0.06,1.69,19,
C23,Frutas y derivados,Guayaba P.C.,56,234,83.9,0.5,0.1,14.9,9.5,5.7,5.4,0.6,18,23,0.23,0.3,,0,31,0.04,0.04,1.44,60,
C24,Frutas y derivados,Guayaba amarilla P.C.,71,297,80.1,0.8,0.2,18.4,13,6.1,5.4,0.5,32,15,0.23,0.1,,3,31,0.05,0.06,0.44,7.2,
C25,Frutas y derivados,Guayaba rosada P.C.,56,234,84,0.5,0.2,14.7,9.3,5.6,5.4,0.6,17,23,0.23,0.3,,0,31,0.04,0.05,1.4,9.8,
C26,Frutas y derivados,Guayaba verde P.C.,55,230,84.3,0.5,0.1,14.7,9.3,4.4,5.4,0.4,30,11,0.23,0,,3,31,0.04,0.06,0.66,17.7,
C27,Frutas y derivados,Higo negro P.C.,76,318,78,0.9,0.1,19.9,17,1.7,2.9,1.1,58,43,0.15,0.8,,5,7,0.04,0.05,0.52,2.9,
C28,Frutas y derivados,Higo seco P.C.,182,761,47.7,3.6,0.2,46.6,36.8,8.6,9.8,1.9,109,100,0.55,2.4,,0,10,0,0.082,0.9,3.7,
C29,Frutas y derivados,Huito P.C.,55,230,83.9,1.2,0.1,14,14,1.6,,0.8,69,21,,0.5,,0,,0.03,0.33,0.54,1.1,
C30,Frutas y derivados,Humarí P.C.,121,506,70.3,1.6,5,22.4,22.4,,,0.7,34,21,,0.1,,20,,0.01,0.74,,10.9,
C31,Frutas y derivados,Kaki P.C.,75,314,78.1,0.5,0.1,20.8,17.2,0.5,3.6,0.5,9,26,0.11,0.2,,17,81,0.05,0.03,0,6.9,
C32,Frutas y derivados,Kumuvi P.C.,101,423,71.9,0.7,0.6,25.9,25.9,7.9,,0.9,16,31,,3.5,,7,,0.02,0.04,0.22,2.8,
C33,Frutas y derivados,Lima P.C.,27,113,92.8,0.6,0.4,5.9,3.1,0.7,2.8,0.3,31,9,0.11,0.2,,6,2,0.03,0.04,0.3,36,
C34,Frutas y derivados,"Limón, jugo de",30,126,89.3,0.5,0.2,9.7,9.3,0,0.4,0.3,18,14,0.05,0.5,,,1,0.03,0.03,0.11,44.2,
C35,Frutas y derivados,Lúcuma P.C.,99,414,72.3,1.5,0.5,25,25,1.3,,0.7,16,26,,0.4,,355,,0.01,0.14,1.96,2.2,
C36,Frutas y derivados,"Lúcuma, harina de",329,1377,9.3,4,2.4,82,82,2.1,,2.3,92,186,,4.6,,0,,0.02,0.03,,11.6,
C37,Frutas y derivados,"Macambo, pulpa y semilla",177,741,61.1,6.7,9.2,21.5,21.5,18.2,,1.5,19,165,,1.7,,,,0.95,1.05,1.2,9.2,
C38,Frutas y derivados,"Macambo, pulpa de",44,184,88,2.1,0.8,8.3,8.3,0.7,,0.8,,44,,0.5,,26,,0.08,0.09,3.1,22.8,
C39,Frutas y derivados,Mamey maduro P.C.,37,155,88.9,0.5,0.1,9.7,6.7,1.7,3,0.8,51,46,0.1,0.4,,57,12,0.02,0.04,0.61,2,
C40,Frutas y derivados,Mandarina P.C.,35,146,90.1,0.6,0.3,8.6,6.8,0.5,1.8,0.4,19,17,0.07,0.3,,5,34,0.06,0.05,0.3,48.7,
C41,Frutas y derivados,Mango P.C.,60,251,83,0.4,0.2,15.9,14.1,1,1.8,0.5,17,15,0.04,0.4,,159,38,0.03,0.11,0.39,24.8,
C42,Frutas y derivados,Manzana nacional P.C.,54,226,84.7,0.3,0.1,14.6,13.3,0.8,1.3,0.3,5,11,0.05,1.4,,0,2,0.03,0.04,0.13,1.3,
C43,Frutas y derivados,"Maracuyá, jugo puro de",67,280,82.3,0.9,0.1,16.1,15.9,0.2,0.2,0.6,13,30,0.06,3,,410,121,0.03,0.15,2.24,22,
C44,Frutas y derivados,Marañón P.C.,45,188,87.9,0.8,0.5,10.5,7.8,1.3,2.7,0.3,8,30,,3,,26,15,0.05,0.05,0.96,108,
C45,Frutas y derivados,Melón P.C.,23,96,92.9,0.5,0.1,5.8,5,0.2,0.8,0.7,13,15,0.09,0.5,,79,3,0.04,0.04,0.64,23,
C46,Frutas y derivados,Melón enano P.C.,20,84,94.3,0.6,0.2,4.4,4.4,0.3,,0.5,23,3,,0.4,,6,,0.02,0.06,0.38,15.3,
C47,Frutas y derivados,Membrillo P.C.,43,180,86.9,0.3,0.1,11.5,9.6,1.3,1.9,1.2,9,29,0.04,0.7,,9,2,0.02,0.07,0.23,12.5,
C48,Frutas y derivados,Naranja P.C.,40,167,88.5,0.6,0.2,10.1,7.7,0.4,2.4,0.6,23,51,0.07,0.2,,7,11,0.09,0.04,0.36,92.3,
C49,Frutas y derivados,"Naranja agria, jugo de",33,138,90.7,0.5,0.2,8.2,8,0,0.2,0.4,31,9,0.07,0.2,,0,9,0.03,0.05,0.13,42,
C50,Frutas y derivados,Naranja de Guayaquil P.C.,40,167,88.6,0.5,0.2,10.2,7.8,0.5,2.4,0.5,37,17,0.07,0.1,,5,11,0.05,0.01,0.14,42.2,
C51,Frutas y derivados,Naranja de Huando P.C.,45,188,87.3,1.2,0.2,10.9,8.5,0.9,2.4,0.4,30,17,0.07,0.1,,3,11,0.06,0.02,0.29,43.9,
C52,Frutas y derivados,Níspero P.C.,47,197,86.5,0.3,0,12.7,11,0.6,1.7,0.5,21,16,0.05,0.3,,70,76,0.02,0.11,0.37,1.2,
C53,Frutas y derivados,Nuzive P.C.,138,577,70.3,2.7,7.8,17.7,17.7,4.1,,1.5,38,113,,7.5,,9,,0.23,0.15,1.08,1.7,
C54,Frutas y derivados,Pacae  o guaba P.C.,56,234,84.1,0.6,0.1,14.8,14.8,0.7,,0.4,14,30,,0.4,,0,,0.02,0.07,0.5,1.4,
C55,Frutas y derivados,Palta P.C.,131,548,79.2,1.7,12.5,5.6,0,5.8,6.7,1,30,67,0.64,0.6,,7,7,0.03,0.1,1.82,6.8,
C56,Frutas y derivados,Pan de árbol con semilla,135,565,63.4,4.5,1.8,29,24.1,3.1,4.9,1.3,20,255,0.12,0.9,,,0,0.22,0.09,2.6,6.6,
C57,Frutas y derivados,Pan de árbol sin semilla,47,197,86.4,1.6,0.5,10.5,5.6,2.8,4.9,1,71,37,0.12,2.8,,3,0,0.07,0.08,0.78,2.1,
C58,Frutas y derivados,Pan-Meo P.C.,78,326,78,1.3,0.2,19.9,19.9,3.2,,0.6,21,21,,,,,,0.07,0.09,0.66,1.4,
C59,Frutas y derivados,Papaya P.C.,32,134,90.8,0.4,0.1,8.2,6.4,0.5,1.8,0.5,23,14,0.07,0.3,,63,55,0.03,0.07,0.41,47.7,
C60,Frutas y derivados,Pasas sin pepas,241,1008,31.6,2.4,0.4,63.8,60.1,0.9,3.7,1.8,64,91,0.22,3.7,,0,0,0.12,0.13,0.37,2.3,
C61,Frutas y derivados,Pepino dulce P.C.,26,109,92.3,0.3,0,7,7,0.5,,0.4,30,10,,0.3,,28,28,0.04,0.05,0.58,29.7,
C62,Frutas y derivados,Pera chilena P.C.,49,205,86,0.3,0.1,13.2,10.1,1,3.1,0.4,4,16,0.1,0.3,,3,1,0.02,0.04,0.24,1.9,
C63,Frutas y derivados,Pera de agua P.C.,53,222,85.8,0.4,0.6,13,9.9,1.6,3.1,0.2,7,5,0.1,0.1,,0,1,0.02,0.06,0.16,6.5,
C64,Frutas y derivados,Pera nacional P.C.,55,230,84.7,0.4,0.2,14.5,14.5,1.9,,0.2,2,6,,0.3,,0,,0.02,0.05,0.16,2.5,
C65,Frutas y derivados,Pera perilla P.C.,58,243,84.2,0.6,0.5,14.4,14.4,1.7,,0.3,10,18,,0.5,,0,,0.03,0.05,0.44,3.6,
C66,Frutas y derivados,Peros P.C.,55,230,85.4,0.4,0.7,13.3,12,1,1.3,0.2,6,9,0.05,0.3,,7,2,0.05,0.07,0.11,2.8,
C67,Frutas y derivados,Pijuayo P.C.,184,770,52.3,2.8,3.2,41,41,4.5,,0.7,27,47,,1,,140,,0.05,0.28,1.38,22.6,
C68,Frutas y derivados,Pijuayo sancochado,177,741,54,2.6,3.3,39.2,39.2,4.5,,0.9,26,75,,0.6,,108,,0.03,0.2,0.76,,
C69,Frutas y derivados,Piña P.C.,38,159,89.3,0.4,0.2,9.8,8.4,0.5,1.4,0.3,10,5,0.1,0.4,,7,3,0.04,0.06,0.27,19.9,
C70,Frutas y derivados,Plátano de isla P.C.,91,381,74,0.9,0.4,23.6,21,0.5,2.6,1.1,8,20,0.15,0.6,,131,3,0.07,0.07,0.47,4.2,
C71,Frutas y derivados,Plátano de seda P.C.,83,347,76.2,1.5,0.3,21,18.4,0.4,2.6,1,5,27,0.15,0.6,,21,3,0.03,0.05,0.79,4.3,
C72,Frutas y derivados,Plátano guineo P.C.,120,502,65.9,1.4,0.2,31.7,29.1,0.4,2.6,0.8,10,23,0.15,0.6,,,3,0.02,0.08,0.53,1.1,
C73,Frutas y derivados,Plátano manzano P.C.,90,377,74.3,1.1,0.2,23.4,20.8,0.3,2.6,1,6,47,0.15,0.8,,6,3,0.04,0.16,0.6,7.3,
C74,Frutas y derivados,"Plátano, harina de",300,1255,14.9,3.1,0.4,79.6,69.7,1.1,9.9,2,29,104,0.61,3.9,,100,12,0.11,0.12,1.57,1.3,
C75,Frutas y derivados,Plátano maduro P.C.,112,469,68.1,1.2,0.2,29.6,27,0.3,2.6,0.9,0,37,0.15,0.4,,82,3,0.06,0.06,0.5,5.6,
C76,Frutas y derivados,Plátano morado P.C.,106,444,69.8,1,0.2,28.1,25.5,0.8,2.6,0.9,42,17,0.15,0.3,,30,3,,0.25,0.68,2.3,
C77,Frutas y derivados,Plátano seco (orejón),268,1121,24.5,3.7,1.2,68.2,58.3,,9.9,2.4,26,84,0.61,,,,12,0.05,0.18,1.4,1.8,
C78,Frutas y derivados,Plátano verde P.C.,152,636,57,1,0.2,40.9,38.6,0.8,2.3,0.9,8,43,0.14,0.5,,130,56,0.09,0.14,0.62,10.4,
C79,Frutas y derivados,Plátano verde asado,252,1054,29.1,1.5,0.2,68,65.7,1.1,2.3,1.2,10,80,0.13,0.8,,130,45,0.11,0.22,0.9,1.4,
C80,Frutas y derivados,Plátano verde sancochado,137,573,61.6,0.7,0.3,36.8,34.5,0.8,2.3,0.6,10,35,0.13,0.7,,100,45,0.06,0.17,0.53,3.4,
C81,Frutas y derivados,Pomarosa,33,138,90.7,0.5,0.4,7.9,7.9,,,0.5,10,9,0.06,0.2,,31,17,2,0.02,0.05,20.4,
C82,Frutas y derivados,Purunkari P.C.,151,632,58.1,2.7,1.4,36.3,36.3,2.5,,1.5,96,39,,2.8,,10,,0.03,0.06,1.46,5.6,
C83,Frutas y derivados,Sandía P.C.,24,100,93,0.7,0.1,5.9,5.5,0.2,0.4,0.3,6,5,0.1,0.3,,23,28,0.06,0.04,0.18,3,
C84,Frutas y derivados,Shiwawaco (semilla),149,623,39,6.6,7.5,45.5,45.5,4,,1.4,45,179,,2.7,,,,0.02,0.08,1.07,10.6,
C85,Frutas y derivados,Tamarindo,239,1000,31.4,2.8,0.6,62.5,57.4,3,5.1,2.7,74,113,0.1,1,,7,2,0.428,0.152,1938,3.5,
C86,Frutas y derivados,Mango ciruelo (taperibá) P.C.,56,234,84.5,0.6,0.3,14.2,14.2,0.6,,0.4,39,27,,0.7,,0,,0.05,0.19,0.67,5.9,
C87,Frutas y derivados,Toronja P.C.,36,151,89.8,0.6,0.4,8.8,7.7,0.3,1.1,0.4,34,16,0.07,2,,0,46,,0.01,0.2,50.6,
C88,Frutas y derivados,Tumbo costeño P.C.,22,92,93.3,0.4,0,5.8,5.8,0.8,,0.5,11,15,,0.4,,6,,0.01,0.04,0.47,34.4,
C89,Frutas y derivados,Tumbo serrano P.C.,64,268,82.1,1.2,0.5,15.4,15.4,3.6,,0.8,8,34,,0.6,,159,,0.02,0.11,4.56,66.7,
C90,Frutas y derivados,Tuna P.C.,58,243,82.3,0.8,0,15.4,12.1,3.8,3.3,1.5,16,26,0.12,0.3,,1,2,0.01,0.04,0.36,19.5,
C91,Frutas y derivados,Tuna colorada P.C.,58,243,83.5,0.6,0,15.5,12.2,3.7,3.3,0.4,39,39,0.12,0.2,,0,2,0.01,0.04,0.42,25.5,
C92,Frutas y derivados,Ungurauy P.C.,307,1284,41.7,2.8,21.1,33.6,33.6,,,0.8,65,16,,0.9,,8,,0.06,0.68,,0,
C93,Frutas y derivados,Uva blanca P.C.,43,180,87.8,0.3,0.2,11.3,10.4,0.4,0.9,0.4,5,20,0.07,0.8,,4,3,0.03,0.03,0.11,1.4,
C94,Frutas y derivados,Uva borgoña P.C.,82,343,77,0.9,0.3,21.3,20.4,0.6,0.9,0.5,18,32,0.07,1.1,,13,3,0.01,0.13,0.32,4.7,
C95,Frutas y derivados,Uva italia P.C.,66,276,81.1,0.4,0.1,17.7,16.8,0.4,0.9,0.7,19,28,0.07,0.5,,3,3,0.03,0.1,0.24,2.8,
C96,Frutas y derivados,Uva negra P.C.,67,280,81.2,0.2,0.1,18.1,17.2,0.3,0.9,0.4,6,20,0.07,2.2,,0,3,0.05,0.04,0.15,2.2,
C97,Frutas y derivados,Uva quebranta P.C.,66,276,81.4,0.5,0.1,17.7,17.7,0.5,,0.3,14,11,,0.4,,0,,0.05,0.07,0.11,0.7,
C98,Frutas y derivados,Uvilla P.C.,64,268,82.4,0.3,0.3,16.7,16.7,0.9,,0.3,34,10,,0.6,,0,,0,0.22,0.3,0.6,
C99,Frutas y derivados,Zapote P.C.,73,305,79.7,0.9,0.3,18.8,18.8,0.9,,0.3,22,17,,1.8,,130,,0.02,0.09,0.62,8.9,
D01,"Grasas, aceites, y oleaginosas",Aceite compuesto (vegetal 70% pescado 30%),889,3720,0,0,100,0,0,0,,0,0,0,,0,,0,,0,0,0,0,
D02,"Grasas, aceites, y oleaginosas","Aceite de pescado, hidrogenado",902,3774,0,0,100,0,0,0,,0,0,0,,0,,0,,0,0,0,0,
D03,"Grasas, aceites, y oleaginosas",Aceite vegetal de algodón,884,3699,0,0,100,0,0,0,0,0,0,0,0,0,,0,0,0,0,0,0,
D04,"Grasas, aceites, y oleaginosas",Aceite vegetal de girasol,884,3699,0,0,100,0,0,0,0,0,0,0,0,0,,0,0,0,0,0,0,
D05,"Grasas, aceites, y oleaginosas",Aceite vegetal de maíz,884,3699,0,0,100,0,0,0,0,0,0,0,0,0,,0,0,0,0,0,0,
D06,"Grasas, aceites, y oleaginosas",Aceite vegetal de maní,884,3699,0,0,100,0,0,0,0,0,0,0,0.01,0,,0,0,0,0,0,0,
D07,"Grasas, aceites, y oleaginosas",Aceite vegetal de olivo,884,3699,0,0,100,0,0,0,0,0,0,0,0,0,,0,0,0,0,0,0,
D08,"Grasas, aceites, y oleaginosas",Aceite vegetal de palma,884,3699,0,0,100,0,0,0,0,0,0,0,0,0,,0,0,0,0,0,0,
D09,"Grasas, aceites, y oleaginosas",Aceite vegetal de soya,884,3699,0,0,100,0,0,0,0,0,0,0,0,0,,0,0,0,0,0,0,
D10,"Grasas, aceites, y oleaginosas",Almendras,581,2431,4.5,21.9,50.6,20,9.6,3.8,10.4,3,216,480,3.12,3.72,,0,0,0.2,0.56,3.66,0,
D11,"Grasas, aceites, y oleaginosas",Avellanas,629,2632,5.8,13.7,61.2,17,6,2.8,11,2.4,149,310,2.2,3.3,,22,2,0.48,0.11,1.55,2,
D12,"Grasas, aceites, y oleaginosas","Cacao, semillas secas",456,1908,3.6,12,46.3,34.7,34.7,8.6,,3.4,106,537,,3.6,,2,0,0.17,0.14,1.7,3,
D13,"Grasas, aceites, y oleaginosas",Castaña peruana (nuez de Brasil),661,2766,1.2,14.3,65.9,14.6,7.1,2.6,7.5,4,170,850,4.06,2.1,,,0,0.75,0.17,3.6,2.7,
D14,"Grasas, aceites, y oleaginosas","Maní crudo, pelado con película",559,2339,7.3,24.1,48.2,17.7,9.2,5.2,8.5,2.7,66,231,3.27,1.5,,3,0,0.48,0.53,17,1.3,0
D15,"Grasas, aceites, y oleaginosas",Maní sancochado,374,1565,32.3,15.9,27.5,21.9,13.1,1.6,8.8,2.4,47,219,1.83,3.6,,,0,0.18,0.1,8.88,0,
D16,"Grasas, aceites, y oleaginosas","Maní tostado, sin película",590,2469,2,27.1,51,16.9,8.9,2.5,8,3,48,298,3.31,2.2,,,0,0.08,0.35,21.6,0,
D17,"Grasas, aceites, y oleaginosas",Manteca de cerdo,908,3799,0.5,0,99.9,0,0,0,0,0.1,0,0,0.11,0,,0,0,0,0,0,0,
D18,"Grasas, aceites, y oleaginosas",Manteca vegetal,880,3699,0.1,0,99.5,0,0,0,0,0.4,0,0,0,0,,0,0,0,0,0,0,
D19,"Grasas, aceites, y oleaginosas",Mantequilla,729,3050,16,2,82,0,0,0,,0,0,0,,0,,671,,0,0,0,0,
D20,"Grasas, aceites, y oleaginosas",Mantequilla con sal,717,3000,15.9,0.9,81.1,0.1,0.1,0,0,2.1,24,24,0.09,0.02,,400,684,0,0.03,0.04,0,
D21,"Grasas, aceites, y oleaginosas",Margarina vegetal con sal,720,3012,16,0.6,81,0.3,0.3,0,0,2.1,0,0,0,0,,0,819,0,0,0,0,
D22,"Grasas, aceites, y oleaginosas",Nueces,654,2736,4.1,15.2,65.2,13.7,7,5.9,6.7,1.8,98,346,3.09,,,8,1,0.34,0.15,1125,1.3,
E01,Pescados y mariscos,Almeja blanca P.C.,70,293,82.4,14.4,1.1,2.6,2.6,,,2.2,50,221,1.37,1.8,0,28,90,0.01,0.14,2.25,18.3,
E02,Pescados y mariscos,Barquillos P.C.,84,351,78.2,18.5,0.5,,,,,1.5,108,95,,0.2,0,,,0.01,0.21,0.85,8.6,
E03,Pescados y mariscos,Camaroncito seco (chino),240,1004,29.6,52.3,1.9,,,,,14.6,524,650,,4.9,0,,15,0.03,0.11,3.4,0,
E04,Pescados y mariscos,Camarones frescos P.C.,78,326,78,17.8,0.2,0.9,0.9,,,1.4,117,263,1.11,0.1,0,,54,0.02,0.13,1.4,5.2,
E05,Pescados y mariscos,Cangrejo,94,395,75.2,19.8,0.6,,,,,3.3,107.6,,,0.82,0,,,,,,,
E06,Pescados y mariscos,Cangrejos frescos P.C.,99,414,86.1,18.9,2.6,,,,,2.4,53,192,,1.4,0,606,,0.2,0.52,1.57,,
E07,Pescados y mariscos,Caracol P.C.,124,519,68.3,20.6,0.4,,,,,2.8,158.1,,,2.92,0,,,,,,,
E08,Pescados y mariscos,Caracoles P.C.,79,331,78.6,16.9,0.8,7.8,7.8,,,1.8,158,106,1.63,2,0,,26,0.02,0.39,1.25,7.8,
E09,Pescados y mariscos,"Chanque, loco o tolina P.C.",96,402,74.3,21.9,0.3,6,6,,,1.7,85,130,0.82,1.5,0,,2,0.03,0.35,1.68,9,
E10,Pescados y mariscos,Choros sin concha,92,384,78.7,13,2.3,3.7,3.7,,,2.2,119.4,206,1.6,5.05,0,,48,0,0.82,2.05,5.4,
E11,Pescados y mariscos,Conchas de abanico,92,385,78.2,15.9,1.8,,,,,2.2,11.7,219,,0.29,0,,,0.05,0.79,1.8,11.6,
E12,Pescados y mariscos,Erizo P.C.,141,590,72.1,16.3,7.9,,,,,2.3,59,366,,0.7,0,,,0.06,0.42,6.1,5.7,
E13,Pescados y mariscos,Langostino blanco,68,286,83.8,14.5,0.8,,,,,1.1,88.9,,,2.03,0,,,,,,,
E14,Pescados y mariscos,Lapas P.C.,83,347,78.1,18.5,0.4,,,,,2.1,102,81,,1.2,0,,,0.09,0.6,1.2,9.3,
E15,Pescados y mariscos,Machas,130,544,69.5,23.2,1.3,2.6,2.6,,,1.3,171.8,180,1.37,4.8,0,,90,0.08,0.19,1.77,0.8,
E16,Pescados y mariscos,"Pescado acarabuazú, salado deshidratado P.C.",298,1248,25,47.5,9.9,,,,,16,559,379,,2.5,0,,,0.16,0.89,,1.2,
E17,Pescados y mariscos,Pescado anchoveta P.C.,156,651,70.8,19.1,8.2,0,0,,,1.2,77.1,276,1.72,3.04,0,,15,0.01,0.21,0,8.7,
E18,Pescados y mariscos,"Pescado atún, en conserva",187,783,65.3,22.9,9.9,,,,,1.9,,,,,0,,,,,,,
E19,Pescados y mariscos,"Pescado atún, enlatado con agua",116,485,74.5,25.5,0.8,,,,,1.5,11,163,0.77,1.53,0,17,,0.03,0.07,13.28,0,
E20,Pescados y mariscos,"Pescado atún, enlatado en aceite ",186,778,64,26.5,8.1,,,,0,2.2,4,267,0.47,1.2,0,19,5,0.02,0.08,11.7,0,
E21,Pescados y mariscos,"Pescado atún, fresco crudo",141,591,70.4,23.3,4.6,,,,,1.6,,,,,0,,,,,,,
E22,Pescados y mariscos,Pescado ayanque,115,481,76.2,18.6,3.8,,,,,1.1,11.7,,,0.43,0,,,,,,,
E23,Pescados y mariscos,Pescado ayanque o cachema P.C.,88,368,77.2,19.6,0.5,,,,,1.3,126,240,,0.3,0,,,0.02,0.1,2.5,4.7,
E24,Pescados y mariscos,Pescado bacalao fresco,82,343,81.2,17.8,0.7,0,0,0,0,1.2,16,203,0.45,0.4,0,0,12,0.08,0.06,2.06,1,
E25,Pescados y mariscos,Pescado bacalao seco salado,290,1212,16.1,62.8,2.4,0,0,0,,18.7,160,950,1.59,3.6,0,0,42,0.27,0.24,7.5,4,
E26,Pescados y mariscos,Pescado bagre P.C.,80,335,80.9,15.2,1.7,0,0,,,2,34,113,0.51,1.9,0,,15,0.05,0.09,1.55,0.7,
E27,Pescados y mariscos,Pescado bonito P.C.,138,577,70.6,23.4,4.2,0,0,,,1.5,28,258,,0.7,0,,,0.01,0.07,12.8,1.6,
E28,Pescados y mariscos,"Pescado bonito, huevera de",101,423,75.5,17.2,3,1.5,1.5,,,1.5,24,274,1,1.8,0,,90,0.07,0.4,2.77,10.1,
E29,Pescados y mariscos,"Pescado bonito, músculo claro",113,474,73.4,23.8,1.3,,,,,1.4,24.1,,,0.51,0,,,,,,,
E30,Pescados y mariscos,"Pescado bonito, músculo oscuro",140,585,68.9,21.1,5.5,,,,,1.1,38.8,,,8.66,0,,,,,,,
E31,Pescados y mariscos,"Pescado bonito, pulpa asada",136,569,69.9,24,3.7,3.4,3.4,,,1.7,15,206,,1,0,,,0.01,0.04,,,
E32,Pescados y mariscos,"Pescado bonito, seco salado P.C.",184,770,44,32.3,5.1,,,,,16.2,112,164,,6.1,0,,,0.07,0.13,6.25,0,
E33,Pescados y mariscos,"Pescado boquichico, salado deshidratado P.C.",273,1142,24.3,47.9,9.1,,,,,16.5,458,477,,4.8,0,,,0.32,0.17,,1,
E34,Pescados y mariscos,"Pescado caballa, en conserva",224,937,62.1,24.8,14,,,,,1.2,,,,,0,,,,,,,
E35,Pescados y mariscos,"Pescado caballa, fresco crudo",130,543,73.8,19.5,4.9,,,,,1.2,,,,,0,,,,,,,
E36,Pescados y mariscos,"Pescado caballa, salado",152,635,65.2,25.2,4.9,,,,,4.7,,,,,0,,,,,,,
E37,Pescados y mariscos,Pescado cabinza,97,405,77.8,19.1,1.6,,,,,1.3,60,239,,2.34,0,,,0.01,0.3,3.9,2.5,
E38,Pescados y mariscos,Pescado cabrilla,98,408,77.9,18.6,1.8,,,,,1.2,15.6,,,0.74,0,,,,,,,
E39,Pescados y mariscos,Pescado carachama P.C.,64,268,82.8,14.2,0.4,,,,,1,140,151,,1.2,0,,,0.02,0.07,2.12,4.8,
E40,Pescados y mariscos,Pescado cazón P.C.,98,410,75,21.8,0.5,,,,,1.4,108,206,0.5,2.6,0,,,0.02,0.08,3.4,3.4,
E41,Pescados y mariscos,Pescado chita P.C.,88,368,78,19.8,0.4,,,,,1.5,22,209,,1.3,0,,,0.09,0.04,5.3,1.8,
E42,Pescados y mariscos,"Pescado chita, huevera de",62,259,83.8,12.3,1,,,,,2.4,28,390,1,1.8,0,,90,0.09,0.12,1.43,9.8,
E43,Pescados y mariscos,"Pescado chita, pulpa asada",99,414,75.1,21,1,,,,,1.7,22,170,,1,0,,,0.09,0.09,,1.6,
E44,Pescados y mariscos,Pescado coco,99,414,78.7,17.4,2.7,,,,,1.1,93.2,,,0.31,0,,,,,,,
E45,Pescados y mariscos,Pescado cojinova,106,442,75.6,20.7,1.6,,,,,1.4,16.4,247,,1.11,0,,,0.09,0.06,0.1,4.9,
E46,Pescados y mariscos,Pescado congrio,75,313,82.1,15.7,0.7,,,,,1.1,8.1,,,0,0,,,,,,,
E47,Pescados y mariscos,Pescado corvina P.C.,124,519,72.6,19.5,4.5,0,0,,0,1.4,57,182,0.42,1.1,0,47,18,0.08,0.11,2.9,1.5,
E48,Pescados y mariscos,"Pescado fuasaco, con espinas",72,301,79.5,16.3,0.3,,,,,1.3,645,225,,1.3,0,,,0.01,0.03,1.2,2.2,
E49,Pescados y mariscos,"Pescado jurel, en conserva",143,598,67,23.2,3.8,,,,,3.5,,,,,0,,,,,,,
E50,Pescados y mariscos,"Pescado jurel, fresco crudo",121,505,75,19.7,4,0.1,0.1,,,1.2,30,325,,1.8,0,,,,,,,
E51,Pescados y mariscos,Pescado lenguado,91,381,79.1,18.8,1.2,0,0,0,0,1.2,18,184,0.45,0.7,0,14,10,0.09,0.08,2.9,2,
E52,Pescados y mariscos,Pescado lisa,119,498,74.6,20.8,3.3,0,0,,,1.2,19,193,0.52,1,0,,37,0.01,0.1,3.6,4.9,
E53,Pescados y mariscos,"Pescado lorna, fresco crudo",104,436,76.3,18.5,1.9,,,,,1.2,3.7,178,,1.59,0,,,0.06,0.12,3.7,0,
E54,Pescados y mariscos,"Pescado lorna, pulpa seca salada P.C.",150,628,44.8,30.9,2,3.6,3.6,,,18.7,260,172,,5.7,0,,,0.07,0.13,2.75,3.9,
E55,Pescados y mariscos,"Pescado lorna, salado",190,793,44.8,32.9,3.6,,,,,14.4,,,,,0,,,,,,,
E56,Pescados y mariscos,Pescado machete,138,577,72.5,20.5,5.4,,,,,1.2,49,217,,1.9,0,,,0.01,0.08,4.7,5.9,
E57,Pescados y mariscos,"Pescado maparate, con espinas",78,326,79.1,15.1,0.9,,,,,1.2,455,186,,1.1,0,,,0.01,0.05,1.2,9.8,
E58,Pescados y mariscos,"Pescado merluza, fresco crudo",72,303,82.4,15.8,0.5,0,0,,,1.2,14.7,185,0.4,0.2,0,,17,0.06,0.1,3.8,1,
E59,Pescados y mariscos,"Pescado merluza, seco",363,1519,9.2,73.8,5.3,,,,,11.7,,,,,0,,,,,,,
E60,Pescados y mariscos,"Pescado paiche, seco P.C.",247,1033,40.4,38.2,9.3,,,,,9.5,50,209,,3.3,0,,,0.01,0.12,5.6,,
E61,Pescados y mariscos,Pescado pampanito P.C.,106,444,76,19.2,2.7,0,0,,,1.3,126,132,0.72,0.3,0,,33,0.14,0.17,3.6,6.6,
E62,Pescados y mariscos,"Pescado paña, salado deshidratado P.C",274,1146,21.5,54.3,6.2,,,,,16.5,710,639,,7.1,0,,,0.3,1,,1.2,
E63,Pescados y mariscos,Pescado pejerrey,106,442,76.5,19.6,2.4,0,0,,,1.4,105,311,,0.7,0,,,0.01,0.05,4.5,0,
E64,Pescados y mariscos,Pescado pejesapo P.C.,101,423,76,22.1,0.7,,,,,1.3,,243,,0.8,0,,,,0.14,2.2,,
E65,Pescados y mariscos,"Pescado pejesapo, pulpa asada",87,364,77.8,19.5,0.4,1.3,1.3,,,1.4,110,146,,1.1,0,,,0.01,0.04,1.8,2.3,
E66,Pescados y mariscos,"Pescado pejesapo, pulpa sancochada",83,347,77.8,18.7,0.3,1.3,1.3,,,0.9,109,136,,1,0,,,0.04,0.11,1.25,2.1,
E67,Pescados y mariscos,Pescado perico,97,404,76.5,20.5,0.4,,,,,1.2,3.9,,,0.83,0,,,,,,,
E68,Pescados y mariscos,Pescado pintadilla P.C.,85,356,77.4,18.8,0.5,,,,,1.3,80,193,,1,0,,,0.1,0.11,2.83,5.3,
E69,Pescados y mariscos,"Pescado ractacara, con espinas",87,364,74.2,15.4,2.3,,,,,2.5,593,390,,1.7,0,,,0.01,0.08,2.1,2.9,
E70,Pescados y mariscos,"Pescado raya, pulpa asada",136,569,65.9,31.1,0.4,1.2,1.2,,,1.4,15,215,,1.2,0,,,,0.15,3.85,0,
E71,Pescados y mariscos,Pescado róbalo P.C.,95,397,76.5,21.3,0.5,0,0,,,1.2,23,177,0.4,0.1,0,,55,0.01,0.07,5,5.4,
E72,Pescados y mariscos,"Pescado sardina, con aceite",274,1147,54.8,21.7,20,,,,,3.2,,,,,0,,,,,,,
E73,Pescados y mariscos,"Pescado sardina, con tomate",157,657,68,22.2,6.9,,,,,2.9,,,,,0,,,,,,,
E74,Pescados y mariscos,"Pescado sardina, en grated (conserva)",177,741,65.4,22.4,9,0,0,,,3.2,151,473,1.31,1.6,0,,32,1.3,0.04,3,3,
E75,Pescados y mariscos,"Pescado sardina, filete (conserva)",209,874,60.6,25.8,11,0,0,,,2.4,84,453,1.31,1.1,0,,32,1.1,0.06,2.9,1.7,
E76,Pescados y mariscos,"Pescado sardina, fresco crudo",149,625,71.3,20.2,6.6,,,,,1,40.5,,,1.9,0,,,,,,,
E77,Pescados y mariscos,"Pescado toyo, fresco",85,355,79.8,19.5,0.6,,,,,1.1,19.9,229,,3.43,0,,,0.04,0.13,4.5,29.3,
E78,Pescados y mariscos,"Pescado toyo, seco salado",190,794,38.3,38.6,2.3,,,,,19.7,,,,,0,,,,,,,
E79,Pescados y mariscos,Pescado tramboyo P.C.,85,356,78.8,19.2,0.3,,,,,1,84,141,,0.1,0,,,0.02,0.07,0.95,4.7,
E80,Pescados y mariscos,Pescado trucha rosada P.C.,110,460,75.3,20.9,2.3,0,0,,,1.2,8,248,0.66,0.2,0,,17,0.01,0.22,3.15,8.4,
E81,Pescados y mariscos,"Pescado trucha, en conserva",179,748,66.8,21.5,9,,,,,1.2,,,,,0,,,,,,,
E82,Pescados y mariscos,"Pescado trucha, fresca",113,472,75.8,19.5,3.1,,,,,1.2,18.8,,,0.22,0,,,,,,,
E83,Pescados y mariscos,"Pescado yahuarachi, con espinas",86,360,77.3,15.5,2.2,,,,,1.5,319,252,,1.9,0,,,0.03,0.05,1.7,2.7,
E84,Pescados y mariscos,"Pescado yuliya, con espinas",85,356,77.6,16.9,1.4,,,,,1.5,723,244,,1.9,0,,,0.01,0.1,3,2.3,
E85,Pescados y mariscos,"Pescado zúngaro, salado deshidratado P.C.",273,1142,24.1,47.3,9.3,,,,,17.6,308,398,,6,0,,,0.39,0.21,,1.2,
E86,Pescados y mariscos,Pique P.C.,73,305,79.3,15.9,1.1,,,,,2.4,302,99,,1.3,0,,,0.02,0.2,,2,
E87,Pescados y mariscos,Pota,101,423,81.1,16,1.1,3.1,3.1,,,1.7,9.1,180,1.53,0.08,0,,10,0.02,0.06,1.8,2.3,
E88,Pescados y mariscos,"Pota, concentrado proteico de ",396,1658,5.87,91.8,0.25,0.53,,,,1.6,,,,,,,,,,,,
E89,Pescados y mariscos,Pulpo P.C.,71,297,83.6,13.6,1.4,2.2,2.2,,,1.1,53,126,1.68,3,0,,45,0.02,0.05,1.49,3.2,
F01,Carnes y derivados,"Ballena, pulpa de carne de",90,377,78,18.6,1.2,,,,,1.5,33,132,,2.5,,,,0.12,0.21,0,2.8,
F02,Carnes y derivados,"Carnero, cabeza sancochada de",111,464,79.2,14.2,5.6,0,0,,,1,17,130,,2.1,,,,0.02,0.24,1.8,0,
F03,Carnes y derivados,"Carnero, corazón de",109,456,77,15.9,4.6,1.4,1.4,,0,1.1,17,194,1.87,2.8,,,0,0.22,0.51,5.5,3.8,
F04,Carnes y derivados,"Carnero, hígado de",121,506,72.1,19.9,4,2.6,2.6,,0,1.4,24,199,4.66,6.3,,14000,7391,0.28,2.07,17.75,12.3,
F05,Carnes y derivados,"Carnero, panza de (mondongo)",72,301,83.8,15.7,0.6,0,0,,0,0.2,45,33,1.42,0.9,,,0,0,0.05,0,0,
F06,Carnes y derivados,"Carnero, patas sancochadas de",108,452,76.5,20.9,2.1,0,0,,,0.4,50,26,,1,,,,0.03,0.13,0.4,0,
F07,Carnes y derivados,"Carnero, pulmón de (bofe)",77,322,81,13.4,2.2,0,0,,0,1.2,21,200,1.8,6.2,,,27,0.09,0.52,3.8,3.4,
F08,Carnes y derivados,"Carnero, riñón",109,456,76.7,18,3.2,0.8,0.8,0,0,1.3,40,270,2.24,4.1,,280,95,0.51,3,6.1,10,
F09,Carnes y derivados,"Carnero, sesos de",115,481,79.1,10,7.8,0,0,,0,1.3,7,252,1.17,2.7,,,0,0.34,0.17,2.9,11.4,
F10,Carnes y derivados,"Carnero, pulpa gorda",267,1117,60.7,16.9,21.6,0,0,0,0,0.9,12,160,3.33,2.1,,0,0,0.12,0.22,6.1,0,
F11,Carnes y derivados,"Carnero, pulpa muy magra",136,569,73.8,19,6.1,0,0,0,,1.1,7,180,,2.2,,0,,0.09,0.21,2.9,0,
F12,Carnes y derivados,Carnero pulpa semigorda,253,1059,61.4,18.2,19.4,0,0,0,0,1,7,190,3.52,2.5,,0,0,0.07,0.15,2,0,
F13,Carnes y derivados,"Cerdo, carne sin hueso",198,828,69.2,14.4,15.1,0.1,0.1,,0,1.2,12,238,1.74,1.3,,,2,0.9,0.16,5.1,0.6,
F14,Carnes y derivados,"Cerdo, hígado de",121,506,73.7,18.5,4.7,1.7,1.7,,0,1.4,17,307,5.76,6.2,,3920,6502,0.3,2.49,14.9,9.8,
F15,Carnes y derivados,"Cerdo, patas semigordas",284,1188,57,20,22,0,0,0,,1,16,240,,3,,0,,0.98,0.28,5.2,0,
F16,Carnes y derivados,"Cerdo, pulmón de (bofe)",79,331,81.3,13.5,2.4,0,0,,0,0.9,17,169,2.03,3.4,,,0,0.1,0.27,3.05,4.3,
F17,Carnes y derivados,"Cerdo, riñón de",139,582,75.4,13.9,8.8,0,0,,0,1.1,6,210,2.75,5.2,,28,59,0.35,2.96,7.9,7.2,
F18,Carnes y derivados,"Chivo, pulpa de carne de",115,481,73.9,19.4,3.6,0,0,,0,1.2,8,186,4,3.1,,,0,0.15,0.22,1.1,0,
F19,Carnes y derivados,"Conejo, pulpa de carne de",136,569,72.8,20.1,5.6,0,0,0,0,0.7,13,213,1.57,,,0,0,0.1,0.15,7.27,0,
F20,Carnes y derivados,"Gallina, pechuga de (sin piel)",108,452,73.2,19.2,2.9,0,0,,0,1.4,5,237,1.19,0.8,,16,52,0.06,0.06,12.9,4.4,
F21,Carnes y derivados,"Gallina, pierna de (sin piel)",120,502,71.3,20.6,3.6,0,0,,0,1.3,9,190,1.19,0.9,,16,52,0.06,0.15,6.4,4.7,
F22,Carnes y derivados,"Majaz, pulpa de carne",108,452,74.7,21.4,1.2,1.4,1.4,,,1.3,59,2,,,,,,,,,,
F23,Carnes y derivados,"Motelo, pulpa de carne de",113,474,74.6,21.4,1.8,1.4,1.4,,,0.7,51,2,,,,,,,,,,
F24,Carnes y derivados,"Pato, carne de",326,1364,54.3,16,28.6,0,0,0,0,1,15,188,1.36,1.8,,,63,0.1,0.24,5.6,0,
F25,Carnes y derivados,"Pavo, carne de",160,669,70.4,20.4,8,0,0,0,0,0.9,15,178,2.2,3.8,,,2,0.06,0.16,4.09,0,
F26,Carnes y derivados,"Pollo, pulpa de carne de",119,498,75.5,21.4,3.1,0,0,0,0,1,12,173,1.54,1.5,,,16,0.07,0.14,8.24,2.3,
F27,Carnes y derivados,"Pollo, corazón de",153,640,73.6,15.6,9.3,1.6,1.6,0,0,0.9,12,177,6.59,1.7,,9,9,0.15,0.73,4.88,3.2,
F28,Carnes y derivados,"Pollo, hígado de",125,523,73.6,18,3.9,3.4,3.4,0,,1.2,11,272,3.07,8.56,,6165,,0.14,1.96,9.25,33.8,
F29,Carnes y derivados,"Pollo, sangre cocida",69,289,82,16,0.1,,,,,1.1,14,115,,29.5,,8,,0.01,0.03,,4,
F30,Carnes y derivados,"Pollo, sangre cruda de",65,272,83,15,0.1,,,,,1.4,12,101,,27.3,,8,,0.01,0.33,,4.5,
F31,Carnes y derivados,"Rana, carne de",73,305,81.9,16.4,0.3,0,0,,0,1.4,18,147,1,1.5,,15,15,0.14,0.25,1.2,0,
F32,Carnes y derivados,"Tortuga charapa, carne de",78,326,81.6,16.4,0.9,0.1,0.1,,,1,9,121,,1.3,,,,0.02,0.09,5.25,,
F33,Carnes y derivados,"Res, bazo de",92,385,78.1,18.9,1.2,0,0,,0,1.5,7,161,2.11,28.7,,89,0,0.17,0.38,3.55,10.1,
F34,Carnes y derivados,"Res, cabeza sancochada de",110,460,77.1,18.6,3.4,0.2,0.2,,,0.7,57,110,,0.5,,,,0.04,0.24,1.04,0,
F35,Carnes y derivados,"Res, pulpa de carne de",105,439,75.9,21.3,1.6,0,0,,0,1.1,16,208,4.32,3.4,,,0,0.03,0.13,6.82,0,
F36,Carnes y derivados,"Res, corazón de",102,427,77,16.6,3.5,0.1,0.1,,0,1,6,209,1.7,3.6,,14,0,0.42,0.88,8.1,3.6,
F37,Carnes y derivados,"Res, criadillas de",58,243,86.9,9.8,1.8,0.4,0.4,,,1.1,25,222,,0.9,,,,0.13,0.34,2.05,43.2,
F38,Carnes y derivados,"Res, hígado de",127,531,70.8,20,4.6,3.3,3.3,,0,1.3,13,166,4,5.4,,8082,4968,0.24,1.89,12.3,19.5,
F39,Carnes y derivados,"Res, lengua de",171,715,71.1,16.5,11.2,0.3,0.3,,0,0.9,9,166,2.87,2.2,,,0,0.09,0.55,3,1.9,
F40,Carnes y derivados,"Res, panza de (mondongo)",104,435,79.5,16.9,3.5,0,0,,0,0.1,66,40,1.42,0.8,,65,0,0.01,0.03,0.56,0,
F41,Carnes y derivados,"Res, pata sancochada de",152,636,68.8,23.7,5.6,0,0,,0,0.7,7,37,0.76,2.1,,,0,0.02,0.25,0.65,0,
F42,Carnes y derivados,"Res, pulmón de (bofe)",83,347,80,17.2,1.1,0,0,,0,1,6,203,1.61,6.5,,51,14,0.09,0.96,3.65,13.2,
F43,Carnes y derivados,"Res, riñón de",90,377,79.6,15.1,2.9,0.3,0.3,,0,1.1,17,132,1.92,6.8,,280,419,0.37,1.3,4.6,9.9,
F44,Carnes y derivados,"Res, sesos de",135,565,78.1,11.3,9.6,0,0,,0,1.2,8,287,1.02,0.9,,164,7,0.17,0.21,3.15,6.9,
F45,Carnes y derivados,"Res, ubre de",229,958,66,14.1,19.2,,,,0,0.7,69,112,,2.9,,,,0.1,0.15,1.5,4.3,
F46,Carnes y derivados,"Carnero, carne seca sin hueso (chalona)",315,1318,20.2,50.3,11.7,,,,,17.8,53,423,,3.9,,,,0.06,0.4,13.63,0,
F47,Carnes y derivados,Chicharrón de cerdo (cocido),650,2720,22.6,11.3,61.4,,,,,2.4,40,227,,,,14,,0.13,2.25,1.8,0,
F48,Carnes y derivados,Chicharrón de prensa,436,1824,29.9,23.9,37.2,,,,,6.6,60,119,,2.2,,,,0.01,0.28,2.25,1.4,
F49,Carnes y derivados,Chorizo,287,1201,52.3,21,21.9,,,,0,3.8,56,149,3.41,4,,,0,0.3,0.36,,0,
F50,Carnes y derivados,Jamón del país,344,1439,47.9,24.7,26.4,,,,0,1.2,48,177,1.9,2.1,,,0,0.2,0.22,3.7,0,
F51,Carnes y derivados,Jamonada,333,1393,49.3,15.7,29.5,2.8,2.8,,0,2.7,85,211,1.9,1.5,,,0,0.04,0.05,,0,
F52,Carnes y derivados,Mortadela,257,1075,57.9,9.8,19.7,9.4,9.4,,0,3.2,82,166,2.03,2,,,0,0.05,0.07,1.6,1,
F53,Carnes y derivados,Paté,496,2075,35,10.9,49.8,1.1,1.1,,0,3.2,57,289,0.92,7.1,,,1001,0.07,0.24,2.25,0,
F54,Carnes y derivados,Queso de chancho,244,1021,55.5,20.1,17.3,,,,,4.6,77,68,,4.2,,,,0.03,0.07,0.6,1.4,
F55,Carnes y derivados,Relleno,107,448,75.5,14.4,5,3.2,3.2,,0,1.9,63,41,1.3,16.9,,,0,0.02,0.06,0.86,3.4,
F56,Carnes y derivados,Salchicha blanca chica,441,1845,40.1,12,43.2,2,2,,0,2.7,22,114,1.84,3.2,,,18,0.3,0.13,2.8,2.3,
F57,Carnes y derivados,Salchicha blanca grande,349,1460,47.9,13.6,32.3,3.5,3.5,,0,2.7,76,142,1.84,1.2,,,18,0.16,0.08,2.85,2.5,
F58,Carnes y derivados,Hot dog,366,1531,49.4,11,34.3,2.1,2.1,,,3.2,76,202,2.02,1.3,,,0,0.03,0.07,3.72,0,
F59,Carnes y derivados,Salchicha de “Huacho”,453,1895,38.2,12.9,44,2.4,2.4,,0,2.5,80,92,1.84,5.5,,,18,0.03,0.2,2.15,0,
F60,Carnes y derivados,Tocino,490,2050,32.8,13.5,47.9,0.8,0.8,,0,5,26,70,1.17,1.2,,,11,0.24,0.12,2,1.9,
G01,Leches y derivados,"Crema de leche, espesa",345,1443,57.7,2.05,37,2.8,2.8,0,0,0.5,65,62,0.23,0.1,,292,411,0.02,0.11,0.04,0.6,
G02,Leches y derivados,"Crema de leche, rala",195,816,73.8,2.7,19.3,3.7,3.7,0,0,0.6,96,80,0.27,0.1,,160,181,0.03,0.15,0.06,0.8,
G03,Leches y derivados,Leche condensada endulzada,322,1347,27.2,7.9,9.2,53.7,53.7,,0,2,276,107,0.94,0.1,,,74,0.01,0.53,0.25,0,
G04,Leches y derivados,Leche en polvo descremada,362,1515,3.2,36.2,0.8,52,52,0,0,7.9,1257,968,4.08,1.2,,8,6,0.42,1.55,0.95,6.8,
G05,Leches y derivados,Leche en polvo entera,484,2025,3.9,27,26.1,36.1,36.1,0,0,6.9,848,888,3.34,0.2,,204,257,0.29,1.02,1.9,9,
G06,Leches y derivados,Leche evaporada descremada,79,331,80,7.1,0.9,10.5,10.5,0,,1.5,,,,,,310,,,,,13,
G07,Leches y derivados,Leche evaporada entera,133,556,74.5,6.3,7.7,10.9,9.9,,0,1.6,231,203,0.77,,,52,65,0.03,0.66,0.31,0,
G08,Leches y derivados,Leche fresca c/menos de 1% grasa,43,180,90.1,3.5,1,4.7,4.7,0,,0.7,130,96,0.39,0.05,,71.95,,0.04,0.17,0.09,5.2,
G09,Leches y derivados,Leche fresca caja entera Plusa,64,268,87.8,3.2,3.2,5.1,5.1,0,,0.7,106,103,0.38,0.3,,29.66,,0.05,0.2,0.12,0.5,
G10,Leches y derivados,Leche fresca de cabra,66,276,87.3,3.2,3.8,5,5,,0,0.7,171,125,0.3,,,20,51,0.2,0.06,0.09,0,
G11,Leches y derivados,Leche fresca de vaca,63,264,87.8,3.1,3.5,4.9,4.9,,0,0.7,106,94,0.4,1.3,,28,28,0.05,0.2,0.12,0.5,
G12,Leches y derivados,Leche materna,70,293,87.5,1,4.4,6.9,6.9,0,0,0.2,32,14,0.17,0,,,61,0.01,0.04,0.18,5,
G13,Leches y derivados,Queso fresco de cabra,173,724,65.1,16.3,10.3,3.4,3.4,,0,4.9,310,146,0.92,0.8,,80,288,0.01,0.63,0.24,0,
G14,Leches y derivados,Queso fresco de vaca,264,1105,55,17.5,20.1,3.3,3.3,,0,4.1,783,375,,1.3,,,420,0.03,0.43,0.15,0,
G15,Leches y derivados,Queso mantecoso,396,1657,33.5,28,30,3.3,3.3,,,5.2,1076,517,,1.5,,,,0.09,0.46,0.09,0,
G16,Leches y derivados,Queso parmesano duro,440,1841,22.2,39.1,30.3,1.8,1.8,,0,6.6,1260,393,2.75,0.6,,,108,0.01,0.38,0.23,0,
G17,Leches y derivados,Yogur de leche entera,61,255,87.9,3.5,3.3,4.7,4.7,0,0,0.7,121,95,0.59,0.05,,30,,0.03,0.14,0.08,0.53,
G18,Leches y derivados,Yogur frutado de leche semidescremada,97,406,73.8,4.1,2.8,18.5,18.2,0,0.3,0.8,105,105,0.67,0.05,,12,,0.04,0.4,0.08,0.53,
G19,Leches y derivados,Yogur frutado leche descremada,95,397,75.4,4.4,0.2,19,19,0,0,1,152,119,0.74,0.07,,2,,0.04,0.18,0.1,0.7,
G20,Leches y derivados,Yogur natural leche descremada,56,234,85.2,5.7,0.2,7.7,7.7,0,0,1.2,199,157,,0.09,,2,,0.05,0.23,0.12,0.9,
J01,Huevos y derivados,Huevo de charapa P.C.,222,929,61.3,16.3,16,1.8,1.8,,,4.6,388,440,,2.2,,,,0.02,0.55,0.06,,
J02,Huevos y derivados,"Huevo de gallina, clara de",51,213,87.6,10.9,0.2,0.7,0.7,0,0,0.6,7,15,0.03,0.08,,,0,0.004,0.439,0.105,0,
J03,Huevos y derivados,"Huevo de gallina, duro",139,582,75.9,12.9,8.4,1.9,1.9,,0,0.9,30,192,1.05,1.1,,,169,0.2,0.04,0.4,2.5,
J04,Huevos y derivados,Huevo de gallina P.C.,141,590,75.4,13.5,8.4,1.8,1.8,,0,0.9,34,194,1.11,1.1,,100,140,0.6,0.05,0.5,3,
J05,Huevos y derivados,"Huevo de gallina, yema de",354,1481,50.1,15.6,30.9,1.9,1.9,,0,1.5,136,449,2.3,4.3,,,381,0.18,0.36,0.13,0,
J06,Huevos y derivados,Huevo de tortuga motelo P.C.,143,598,73.5,16.4,7.3,1.6,1.6,,,1.2,85,24,,0.8,,52,,0.04,0.19,0.03,,
J07,Huevos y derivados,Huevo de pata P.C.,166,695,72.5,13.1,11.1,2.3,2.3,,0,1,58,193,1.41,1.7,,,194,0.13,0.55,0.11,1,
J08,Huevos y derivados,"Huevo de pata, yema de",426,1782,41.7,15.1,38.8,2.8,2.8,,0,1.6,145,430,2.3,4.7,,,381,0.36,0.66,0.12,0,
J09,Huevos y derivados,Huevo de tortuga taricaya P.C.,178,745,66,15.1,11.3,2.9,2.9,,,4.7,322,431,,1.4,,,,0.05,1.07,0.05,,
H01,Bebidas alcohólicas y analcohólicas,Cerveza,36,151,94.5,0.3,0,5.1,5.1,0,0,0.1,0,15,0.01,0.1,,0,0,0.01,0.03,0.06,0,
H02,Bebidas alcohólicas y analcohólicas,Chicha de aguaje,54,226,87.2,0.4,0.8,11.2,11.2,1.5,,0.4,14,4,,0.4,,171,,0.01,,0.11,0,
H03,Bebidas alcohólicas y analcohólicas,Chicha de cebada,24,100,94,0.1,0.2,5.5,5.5,,,0.2,10,1,,1.1,,0,,0.01,0.03,0,0,
H04,Bebidas alcohólicas y analcohólicas,Chicha de jora,28,117,93.2,0.4,0.3,5.8,5.8,0.2,,0.3,22,18,,1.8,,,,0.02,0.1,0.2,2.4,
H05,Bebidas alcohólicas y analcohólicas,Chicha de maíz morado con azúcar,20,84,95,0,0,4.9,4.9,0,,0.1,24,4,,1.3,,,,0,0.1,0.04,1.9,
H06,Bebidas alcohólicas y analcohólicas,Chicha de maní,34,142,92.1,0.5,0.8,6.3,6.3,0.1,,0.3,12,6,,1,,,,0.01,0.02,0.4,0,
H07,Bebidas alcohólicas y analcohólicas,Chicha de pijuayo,47,197,88.3,0.8,0.1,10.6,10.6,0.6,,0.2,22,10,,0.5,,197,,0.02,0.06,0.36,4.9,
H08,Bebidas alcohólicas y analcohólicas,Chicha de soya,41,172,89.9,0.6,0.2,9.1,9.1,0,,0.2,11,13,,1.1,,,,0,0.03,0.08,0.3,
H09,Bebidas alcohólicas y analcohólicas,Chicha de yuca (masato),37,155,90.4,0.2,0.1,8.9,8.9,,,0.4,11,14,,0.6,,,,0.03,0.1,0.19,4.2,
H10,Bebidas alcohólicas y analcohólicas,Coca Cola,39,163,89.5,0,0,10.5,10.5,0.2,0,0,0,0,0.01,0,,0,0,0,0,0,0,
H11,Bebidas alcohólicas y analcohólicas,Inca kola,41,172,89,0,0,11,11,0.1,,0,0,0,,0,,0,,0,0,0,0,
H12,Bebidas alcohólicas y analcohólicas,“Leche” de soya,38,159,91.4,3,1.4,3.8,2.5,0,1.3,0.4,36,30,0.44,0.4,,3,31,0.05,0.04,0.2,0,
H13,Bebidas alcohólicas y analcohólicas,Té sin azúcar,1,4,99.6,0.1,0,0.2,0.2,0,0,0.2,3,1,0.01,0.2,,0,0,0,0,0.03,0,
H14,Bebidas alcohólicas y analcohólicas,"Vino blanco (grado alcohólico: 12,0 %)",114,477,,,,104,104,,,,,,,0,,,,,,,,
H15,Bebidas alcohólicas y analcohólicas,"Vino tinto  (grado alcohólico: 10,2 %)",94,393,,,,104,104,,,,,,,0,,,,,,,,
K01,Productos azucarados,Azúcar granulada o refinada,384,1619,0.6,0,0,99.2,99.2,0,0,0.2,1,0,0,0.1,,0,0,0,0.02,0,0,
K02,Productos azucarados,Azúcar rubia,380,1590,2,0,0,97.2,97.2,0,0,0.5,45,2,0.18,1.7,,,0,0,0.03,0.06,0,
K03,Productos azucarados,Chancaca,324,1356,15.8,0,0,83.9,83.9,0,0,0.3,46,2,0.29,3.2,,,0,0,0.11,0.08,0,
K04,Productos azucarados,Miel de abeja,330,1381,14.1,0,0,85.6,85.4,0.1,0.2,0.3,26,10,0.22,0.4,,,0,0.02,0.03,0.16,1.3,
K05,Productos azucarados,Miel de caña,282,1180,26.3,0.3,0.2,72,72,0.4,0,1.2,69,43,,1,,,0,0,0.08,0.29,5.1,
K06,Productos azucarados,Mermelada de durazno,196,820,48.2,0.6,0.1,50.7,51.7,0.7,,0.4,8,13,,1.4,,,,,,,,
K07,Productos azucarados,Mermelada de frutilla,229,958,39.7,0.4,0.2,59.4,60.4,0.8,,0.3,40,13,,1.2,,,,,,,,
L01,Misceláneos,Achiote seco,388,1623,3.1,11.3,5.3,74.9,75.9,14.5,,5.4,11,13,,5.6,,61,,0.45,0.16,1.97,0,
L02,Misceláneos,Algas,249,1042,3.4,67.8,6.5,15.3,15.3,7,,7,630,11,,32,,,,0.55,1,,,
L03,Misceláneos,Azafrán (palillo fresco),54,226,89.2,0.4,3.6,5.7,5.7,0.7,,1.1,32,33,,0.9,,0,,0.01,0.05,0.36,0,
L04,Misceláneos,"Café, grano sin tostar",203,849,6.3,11.7,10.8,68.2,68.2,22.9,,3,120,178,,2.9,,3,,0.22,0.06,1.3,,
L05,Misceláneos,"Café, sin azúcar",2,8,99.1,0.1,0,0.6,0.6,0,0,0.2,4,3,0.01,0.2,,0,0,0,0,0.24,0,
L06,Misceláneos,"Caldo de ave, tabletas",314,1314,5.5,13.2,25.2,6.3,6.3,0.2,,49.8,100,107,,8.3,,,,0,,,,
L07,Misceláneos,"Caldo de carne, tabletas",300,1255,4.8,5.8,24.7,13.7,14.7,,,51,89,142,,5.5,,,,0.03,0.12,,,
L08,Misceláneos,Chocolate simple con azúcar,248,1038,3.1,3.8,16.8,75.1,75.1,1,,1.2,46,150,,2.8,,2,,0.05,0.09,0.5,0,
L09,Misceláneos,Cochayuyo,50,209,80.7,1.7,0.2,13.1,14.1,1.3,,4.3,,,,,,,,,,,,
L10,Misceláneos,Cocoa,404,1690,8.7,19,17.1,47.8,47.8,6.9,,7.4,220,801,,10.5,,,,0.02,0.2,2.5,18.9,
L11,Misceláneos,Comino,375,1569,8.1,17.8,22.3,44.2,33.7,29.7,10.5,7.6,931,499,4.8,1.2,,,64,0.63,0.33,4579,7.7,
L12,Misceláneos,Extracto de algarrobo en polvo,340,1423,12.5,12,3.2,65.8,65.8,1.8,,6.5,450,617,,6.6,,,,0.18,0.29,2.5,,
L13,Misceláneos,Hongos (callampa),38,159,89.7,3.2,0.3,5.6,5.6,1.2,,1.2,4,116,,1.4,,,,0.14,0.61,3.5,1.8,
L14,Misceláneos,Laurel,188,787,45.2,4.2,1.2,47.1,48.1,13,,2.3,187,70,,5.4,,175,,0.04,0.21,1.7,54,
L15,Misceláneos,Pimienta negra,255,1067,10.5,11,3.3,71,44.5,9.6,26.5,4.3,437,173,1.42,12.6,,,15,0.11,0.24,1142,21,
L16,Misceláneos,Té hojas secas,308,1289,11.4,8,4,71.4,71.4,6,,5.2,400,300,,11.9,,0,,0.08,0.73,6.5,5,
L17,Misceláneos,Vinagre,21,88,93.8,0,0,6,6,,0,0.2,7,8,0.04,0.5,,,0,0,0,0,0,
L18,Misceláneos,Yuyo fresco P.C.,41,172,86.1,2.1,0.1,8,8,0.5,,3.7,225,49,,10.6,,86,,0.03,0.21,0.37,0,
P01,Otros alimentos nativos,"Achira blanca (rizoma, raíz)",101,423,73.2,1.4,0.1,23.8,23.8,,,1.5,13,58,,0.7,,,,0.04,0.05,,0.7,
P02,Otros alimentos nativos,"Achira morada (rizoma, raíz)",98,410,74,1.4,0.1,23.2,23.2,,,1.3,17,91,,1.4,,,,0.3,0.04,,0.1,
P03,Otros alimentos nativos,"Alpaca, pulpa de carne de",107,448,73.9,24.1,0.5,0.3,0.3,,,1.2,11,216,,2.2,,,,0.08,0.15,0,7,
P04,Otros alimentos nativos,"Aska, al estado natural (crustáceo)",460,1925,8,56.6,19.4,11.1,11.1,,,4.9,40,600,,76.9,,,,0.18,2.4,,0,
P05,Otros alimentos nativos,"Aska, sometido a cocción (crustáceo)",456,1908,8,56,20.3,10.9,10.9,,,4.8,42,578,,75,,,,0.23,3.04,,0,
P06,Otros alimentos nativos,Camote de Huarayoc,111,464,71,1.6,0.2,26.1,26.1,,,1.1,6,40,,0.5,,,,0.12,0.04,,12,
P07,Otros alimentos nativos,Camote deshidratado,348,1456,11,3.7,0.7,82.4,82.4,,,2.2,120,36,,2.9,,,,0.23,0.23,,0.8,
P08,Otros alimentos nativos,Camote deshidratado tratado con lejía,348,1456,11.5,5.3,0.8,79.6,79.6,,,2.8,73,118,,1.9,,,,0.25,0.06,,0.5,
P09,Otros alimentos nativos,Carambola (fruta),35,146,90.6,1,0.6,7.4,4.6,,2.8,0.4,5,9,0.12,0.3,,,3,0.04,0.08,,20.8,
P10,Otros alimentos nativos,Caya ocas (tubérculo),339,1418,13.6,4,0.8,79.6,79.6,,,2,27,103,,11.2,,,,0.08,0.1,,0.9,
P11,Otros alimentos nativos,Caza o parka (leguminosa),345,1443,11,25.1,2,58.6,58.6,,,3.3,176,290,,3.4,,,,0.4,0.09,,3.1,
P12,Otros alimentos nativos,Chijchipa P.C. (hortaliza),45,188,85.3,3.3,0.4,9.3,9.3,1.8,,1.7,335,57,,8.3,,189,,0.06,0.43,1.02,70,
P13,Otros alimentos nativos,"Chullcos, ajos silvestres (hortaliza)",92,385,73.7,1.8,0.5,23.5,23.5,1.6,,0.5,22,56,,2.1,,,,0.03,0.1,0.67,5,
P14,Otros alimentos nativos,Cushuro o nostoc deshidratada (alga),242,1013,15.1,29,0.5,46.9,46.9,,,8.5,147,64,,83.6,,,,0.2,0.41,,0,
P15,Otros alimentos nativos,Cushusho (tubérculo),299,1251,15.7,16.3,0.5,61.9,61.9,,,5.6,209,360,,42.5,,,,0.28,0.3,,0,
P16,Otros alimentos nativos,"Cuy, carne de",96,402,78.1,19,1.6,0.1,0.1,,0,1.2,29,258,1.57,1.9,,,0,0.06,0.14,6.5,0,
P17,Otros alimentos nativos,Dale - dale (tubérculo),120,502,67,4.3,0.2,26.5,26.5,,,2,147,104,,0.8,,,,0.11,0.06,,2.7,
P18,Otros alimentos nativos,Frijol de Iberia (leguminosa),346,1448,10,22.7,1.3,62.3,62.3,,,3.7,131,419,,5.4,,,,0,0,,0,
P19,Otros alimentos nativos,"Gigante rojo, cáscara del grano (leguminosa)",352,1473,10.3,4.4,0.7,80.3,80.3,,,4.3,637,32,,2.1,,,,0.05,0.19,,0,
P20,Otros alimentos nativos,"Gigante rojo, cáscara fresca del grano (leguminosa)",126,527,67.4,2.7,0.2,28,28,,,1.7,150,56,,0.5,,,,0.01,0.09,,2.6,
P21,Otros alimentos nativos,"Gigante rojo, pulpa fresca (leguminosa)",167,699,56,16.3,0.6,25.7,25.7,,,1.4,76,241,,0.9,,,,0.33,0.03,,18,
P22,Otros alimentos nativos,"Gigante Rojo, pulpa seca (leguminosa)",336,1406,12,31.6,1.3,52.3,52.3,,,2.8,109,504,,3.6,,,,0.72,0.1,,0,
P23,Otros alimentos nativos,Hemico leguminoso (leguminosa),334,1397,12.6,25.6,1.7,56.1,56.1,,,4,170,446,,7.2,,,,0,0,,0,
P24,Otros alimentos nativos,Hiwicto marfil oscuro (cereal),354,1481,10.6,9,2,76.8,76.8,,,1.6,44,318,,3,,,,0.42,0.1,,0.6,
P25,Otros alimentos nativos,Hiwicto negro (cereal),351,1469,12,9,2.7,74.6,74.6,,,1.7,38,318,,3.5,,,,0.35,0.19,,0,
P26,Otros alimentos nativos,Iguana papa (tubérculo),77,322,78,5,0.2,15.3,15.3,,,1.5,322,39,,0.7,,,,0.12,0.05,,5.6,
P27,Otros alimentos nativos,Kara ceniza o kala (cereal),354,1481,10.3,11.6,2.3,73.6,73.6,,,2.2,104,284,,5.8,,,,0,0,,0,
P28,Otros alimentos nativos,Kara color pajizo (cereal),351,1469,11.1,7.2,2.5,76.9,76.9,,,2.3,60,303,,8,,,,0.38,0.1,,1.1,
P29,Otros alimentos nativos,"Llama, carne seca de (charqui)",279,1167,25.8,57.7,3.6,1.1,1.1,,,11.8,37,422,,6.5,,,,0.05,0.52,27,6.8,
P30,Otros alimentos nativos,Llampun Cjana “Cjana-cjana” (hortaliza),250,1046,12.1,29.5,6,36.8,36.8,,,15.6,1600,333,,41.1,,,,0.61,1.38,,0,
P31,Otros alimentos nativos,Llipta sara (variedad de maíz),370,1550,11.3,7.4,4.2,75.9,75.9,,,1.4,5,243.5,,1.4,,,,0.3,0.12,,0.9,
P32,Otros alimentos nativos,Nopu - zumaca (tubérculo),148,619,59.8,7.1,0.4,31.1,31.1,,,1.6,48,115,,1.1,,,,0.13,0.05,,0,
P33,Otros alimentos nativos,Oca deshidratada (ccaya) P.C.,325,1360,15.3,4.3,1.1,75.4,75.4,3.4,,3.9,52,171,,9.9,,0,,0.04,0.08,0.85,2.4,
P34,Otros alimentos nativos,Oca P.C.,61,255,84.1,1,0.6,13.3,13.3,1,,1,22,36,,1.6,,1,,0.05,0.13,0.43,38.4,
P35,Otros alimentos nativos,Pallar del río Manú (leguminosa),332,1389,13.4,22,0.9,60.2,60.2,,,3.5,186,327,,4,,,,0.25,0.11,,2.9,
P36,Otros alimentos nativos,Poroto de cumbasa (leguminosa),360,1506,11,22.5,5.5,57.3,57.3,,,3.7,140,360,,4,,,,0.23,0.35,,1.1,
P37,Otros alimentos nativos,Quillu uncucha (tubérculo),152,636,59,4.5,0.2,34.3,34.3,,,2,54,224,,2,,,,0.21,0.05,,4,
P38,Otros alimentos nativos,"Sachapapa blanca, bulbo",126,527,67.2,2.5,0.1,29.4,29.4,,,0.8,4,38,,0.6,,,,0.1,0.02,,0.8,
P39,Otros alimentos nativos,"Sachapapa, bulbo aéreo",138,577,64.6,2.3,0.3,32,32,,,0.8,11,84,,0.7,,,,0.08,0.04,,3.5,
P40,Otros alimentos nativos,"Sajino, pulpa de carne de",106,444,75,21.4,1.1,1.3,1.3,,,1.3,64,2,,,,,,,,,,
P41,Otros alimentos nativos,Tallapaqui culli (tubérculo),75,314,79.5,2,0.2,16.9,16.9,,,1.4,31,45,,1.8,,,,0.03,0.04,,0.5,
P42,Otros alimentos nativos,Tallapaqui yurak (tubérculo),92,385,75.6,2,0.1,21.2,21.2,,,1.1,23,44,,1.2,,,,0.11,0.06,,0.8,
P43,Otros alimentos nativos,Tomate de palito (hortaliza),43,180,86.5,1.6,0.2,10.8,10.8,,,0.9,15,19,,0.8,,,,0.05,0.03,,4.9,
P44,Otros alimentos nativos,"Venado, pulpa de carne de",110,462,73.9,22.9,0.8,1.4,1.4,,,1,65,2,,,,,,,,,,
P45,Otros alimentos nativos,"Venado, carne seca de",151,632,57.1,32.4,1.4,2.4,2.4,,,6.7,60,298,,1.9,,,,0.09,0.34,10,,
P46,Otros alimentos nativos,Warr’a P.C. (fruta),102,427,71,1.5,0.2,26.4,26.4,2.6,,0.9,51,26,,3.4,,17,,0.02,0.11,0.58,2.8,
P47,Otros alimentos nativos,Yak’u P.C. (fruta),116,485,69.3,1.8,2.2,25.3,25.3,4.4,,1.4,138,52,,3.2,,0,,0.04,0.18,0.9,14.8,
P48,Otros alimentos nativos,Yuca de moja,168,703,57,1.5,0.2,40.2,40.2,,,1.1,26,46,,0.8,,,,0.03,0.04,,5.6,
P49,Otros alimentos nativos,Zapallito (hortaliza),55,230,82.2,1.9,0.1,14.3,14.3,,,1.5,17,76,,0.4,,,,0.12,0.05,,11,
P50,Otros alimentos nativos,Zapallo avinca (hortaliza),28,117,91,0.9,0.1,7.3,7.3,,,0.7,34,5,,0.9,,,,0.03,0.01,,0.5,
P51,Otros alimentos nativos,Zapallo ombligo (hortaliza),21,88,93.5,0.9,0.2,4.8,4.8,,,0.6,34,12,,0.3,,,,0.01,0.02,,7.5,
P52,Otros alimentos nativos,Ziqui - zapa (hormiga),486,2033,8,36.3,28.9,18.4,18.4,,,8.4,89,309,,12.7,,,,0.44,1,,0,
Q01,Alimentos infantiles,Al 110 maternizada,502,2100,3,14,25,55.3,56.3,,,2.7,450,300,,6,,360,,0.3,0.7,3.7,40,
Q02,Alimentos infantiles,Cerelac manzana,414,1732,3,11,7.4,75.6,75.6,,,3,275,225,,6.3,,225,,0.2,0.3,3.8,20,
Q03,Alimentos infantiles,Cerelac trigo,425,1778,1.5,11.5,7.8,77.2,77.2,,,2,275,225,,6.3,,225,,0.2,0.3,3.8,20,
Q04,Alimentos infantiles,Eledon maternizada,417,1745,3,27.9,12,49.8,49.8,,0,7.3,1070,843,,0.4,,,,0.26,0.89,1.1,10.4,
Q05,Alimentos infantiles,Nan maternizada,509,2130,3,11.4,26,57.7,58.7,,,1.9,320,160,,6,,360,,0.3,0.7,3.8,41,
Q06,Alimentos infantiles,Nestúm cereal mixto,380,1590,3,9.4,1.2,82.9,82.9,,,3.5,690,570,,15.6,,563,,0.6,0.7,9.4,45,
Q07,Alimentos infantiles,Nestum tres cereales,376,1573,4,10.7,2.4,77.8,77.8,,,5.1,690,570,,14.7,,563,,0.6,0.7,9.4,45,
Q08,Alimentos infantiles,Pelargón maternizada,458,1916,3,16.5,17.1,59.6,59.6,,,3.8,590,460,,6,,329,,0.3,0.4,3.4,37,
T01,Leguminosas y derivados,"Arveja partida, harina de",346,1448,10.1,21.6,1.1,64.4,64.4,5.5,,2.8,102,351,,5.5,,0,,0.2,0.25,4.12,1.5,
T02,Leguminosas y derivados,"Arveja, fresca sin vaina",106,444,72.6,7.1,0.6,18.8,13.7,3.4,5.1,0.9,27,134,1.24,1.7,,29,38,0.28,0.18,2.15,22.3,
T03,Leguminosas y derivados,"Arveja, seca sin cáscara",351,1469,11.5,21.7,3.2,61.1,35.6,4.5,25.5,2.5,65,289,3.01,2.6,,10,7,0.25,0.15,3.43,3.5,
T04,Leguminosas y derivados,Arvejón,342,1431,12.1,21.4,1.9,61.9,36.4,5.7,25.5,2.7,60,263,3.01,7.5,,0,7,0.37,0.19,3.03,1.8,
T05,Leguminosas y derivados,Frijol aguisho,333,1393,12.6,22.7,1.6,59.1,34.2,4.4,24.9,4,138,450,2.79,8.5,,4,0,0.47,0.25,2.03,5.7,
T06,Leguminosas y derivados,Frijol amarillo común,334,1397,12.6,21.1,1.5,61,35.9,3.5,25.1,3.8,94,455,2.83,9.7,,0,0,0.39,0.26,2.07,3.5,
T07,Leguminosas y derivados,Frijol bayo ,331,1385,12.9,19,0.9,63.2,38.3,3.6,24.9,4,99,386,2.79,6.3,,0,0,0.31,0.22,1.84,4.5,
T08,Leguminosas y derivados,Frijol bayo americano,333,1393,13.4,20.3,1.5,61.5,36.6,3.7,24.9,3.3,153,314,2.79,6.6,,0,0,0.6,0.22,2.27,4.5,
T09,Leguminosas y derivados,Frijol bocón o chileno (Sarandaja),323,1351,11.9,22.2,0.5,62,37.1,4.5,24.9,3.4,67,289,2.79,6.4,,,0,0.59,0.17,1.6,4.5,
T10,Leguminosas y derivados,Frijol bountiful bean,334,1397,12.9,17.3,0.9,65.2,65.2,3.5,,3.7,104,396,,8.4,,,,0.15,0.21,2.01,,
T11,Leguminosas y derivados,Frijol bush bean,329,1377,13.3,24.2,1.6,56.8,31.9,3.1,24.9,4.1,80,511,2.79,7.3,,,0,0.11,0.23,1.98,4.5,
T12,Leguminosas y derivados,Frijol caballero,329,1377,12.5,22.9,1.5,58.3,43.1,3.9,15.2,4.8,137,274,3.67,5.1,,,0,0.23,0.05,2.9,2.5,
T13,Leguminosas y derivados,Frijol caballero o blanco cocido,92,385,75.8,5.1,0.4,17.5,11.2,1,6.3,1.2,46,75,1.38,1.4,,,0,0.01,0,0.59,0,
T14,Leguminosas y derivados,Frijol california,333,1393,13.2,20.7,2.1,59.9,35,6.3,24.9,4.1,170,447,2.79,7,,,0,0.4,0.38,1.58,4.5,
T15,Leguminosas y derivados,Frijol canario,339,1418,11.7,21.9,2.1,60.1,35,2.9,25.1,4.2,138,351,2.83,6.6,,,0,0.16,0.01,1.5,6.3,
T16,Leguminosas y derivados,Frijol canario cocido,85,356,77.8,5.2,0.5,15.5,5.1,0.7,10.4,1,45,85,1.06,1.6,,,0,0.01,0,0.29,0,
T17,Leguminosas y derivados,Frijol canario fresco,166,695,56.5,9.7,0.5,31.5,31.5,2.2,,1.8,60,287,,3,,10,12,0.38,0.07,1.54,9.2,
T18,Leguminosas y derivados,Frijol canario serranito,339,1418,12.2,19.2,1.8,63.3,38.4,3.6,24.9,3.5,149,362,2.79,4,,,0,0.41,0.45,2.65,4.5,
T19,Leguminosas y derivados,Frijol caraotas,329,1377,13.5,21.2,1.4,60,35.1,3.5,24.9,3.9,129,413,2.79,9.9,,,0,0.32,0.23,1.75,4.5,
T20,Leguminosas y derivados,Frijol castilla,330,1381,13.6,22.5,1.8,58.3,33.4,4.7,24.9,3.8,97,387,2.79,7.5,,1,0,0.5,0.44,1.57,2.1,
T21,Leguminosas y derivados,Frijol chavín,335,1402,12.6,19.2,1.4,63.1,38.2,3.7,24.9,3.7,95,392,2.79,4.2,,,0,0.63,0.23,2.45,4.5,
T22,Leguminosas y derivados,Frijol chiclayo,325,1360,15.1,21.4,1.6,58.2,33.3,5.5,24.9,3.7,72,399,2.79,9.8,,1,0,0.61,0.3,2.25,2.6,
T23,Leguminosas y derivados,Frijol chiclayo dosmesino fresco,104,435,73.2,8.4,0.4,16.6,16.6,2.4,,1.4,26,149,,2.7,,8,12,0.26,0.2,1,6.1,
T24,Leguminosas y derivados,Frijol cocacho,331,1385,13.1,21.3,1.2,60.8,35.9,3.9,24.9,3.6,104,397,2.79,7.8,,,0,0.2,0.2,1.44,4.5,
T25,Leguminosas y derivados,Frijol dulce (Ancash),338,1414,12.4,19.4,1.8,62.7,37.8,3.7,24.9,3.7,140,411,2.79,5.2,,,0,0.53,0.47,2.6,4.5,
T26,Leguminosas y derivados,Frijol negro,332,1389,13.6,18.2,1.3,63.4,48.2,3.6,15.2,3.5,133,308,3.65,9.3,,0,0,0.34,0.45,1.74,2.3,
T27,Leguminosas y derivados,Frijol nucya blanco,338,1414,12.5,20,1.9,62.1,37.2,4.4,24.9,3.5,173,354,2.79,3.3,,,0,0.46,0.51,1.9,4.5,
T28,Leguminosas y derivados,Frijol nucya plomo,334,1397,12.9,19.8,1.6,62,37.1,3.2,24.9,3.7,104,376,2.79,3,,,0,0.32,0.6,2.07,4.5,
T29,Leguminosas y derivados,Frijol palo,345,1443,10.3,18.4,1.4,66.1,66.1,7.8,,3.8,114,388,,2.9,,0,,0.84,0.25,2.95,4.6,
T30,Leguminosas y derivados,Frijol palo fresco sin vaina,143,598,62.7,8.9,0.8,26,26,3.2,,1.6,16,322,,1.5,,16,,0.34,0.23,1.65,4.8,
T31,Leguminosas y derivados,Frijol panamito,336,1406,12.2,21.5,1.7,60.7,35.8,6,24.9,3.9,174,427,2.81,6.3,,0,0,0.59,0.32,2.07,5.8,
T32,Leguminosas y derivados,Frijol plomo,337,1410,12.7,20.1,1.8,62,37.1,6.2,24.9,3.4,90,412,2.79,6.6,,,0,0.13,0.2,1.4,4.5,
T33,Leguminosas y derivados,Frijol pole bean,331,1385,13.2,22.4,1.2,59.7,34.8,4.1,24.9,3.5,125,421,2.79,8.3,,,0,0.12,0.25,2.11,4.5,
T34,Leguminosas y derivados,Frijol red kidney,332,1389,13.6,19.2,1.2,62.6,47.4,5,15.2,3.4,107,393,2.79,4.6,,,0,0.21,0.17,2.62,,
T35,Leguminosas y derivados,Frijol shimpe fresco,51,213,86,3.7,0.1,9.1,9.1,2.3,,1.1,46,78,,1.4,,0,,0.21,0.14,,1,
T36,Leguminosas y derivados,Frijol soya,401,1678,11.7,28.2,18.9,35.7,26.4,4.6,9.3,5.5,314,759,4.89,8.3,,5,0,0.73,0.41,2.6,6,
T37,Leguminosas y derivados,Frijol tarhui o chocho cocido con cáscara,151,632,69.7,11.6,8.6,9.5,6.7,5.3,2.8,0.6,30,123,1.38,1.4,,0,0,0.01,0.34,0.95,0,
T38,Leguminosas y derivados,"Frijol tarhui o chocho, harina de",458,1916,7,49.6,27.9,12.9,12.9,7.9,,2.6,93,440,,1.38,,,,,,,,
T39,Leguminosas y derivados,"Frijol tarhui o chocho, seco",277,1159,46.3,17.3,17.5,17.3,17.3,3.8,,1.6,54,262,4.75,2.3,,0,1,0.6,0.44,2.1,4.6,
T40,Leguminosas y derivados,Frijol terciopelo,358,1498,11.5,21,5.6,58.5,58.5,6.5,,3.4,104,321,,8,,,,0.42,0.31,1.6,,
T41,Leguminosas y derivados,Frijol vacapaleta,328,1372,14.1,21,1.6,59.4,34.5,4,24.9,3.9,127,439,2.79,3.9,,1,0,0.16,0.2,2.35,4.5,
T42,Leguminosas y derivados,Frijol white kidney,330,1381,13.1,22.1,1.1,59.9,44.7,5.3,15.2,3.8,139,482,3.67,6.1,,,0,0.2,0.16,2.5,0,
T43,Leguminosas y derivados,Garbanzo cocido,99,414,75.9,2.5,1.8,18.9,11.3,0.6,7.6,0.9,54,60,1.53,1.2,,,1,0,0.04,0.49,0,
T44,Leguminosas y derivados,Garbanzos,362,1515,11.4,19.2,6.1,60.1,42.7,2.6,17.4,3.2,120,370,3.43,8.3,,0,3,0.38,0.38,2.8,5.4,
T45,Leguminosas y derivados,Guaba fresco,141,590,63.3,10.7,0.7,24,24,1.6,,1.3,115,128,,3.1,,0,,0.19,0.13,0.65,12.9,
T46,Leguminosas y derivados,Guaba seco,346,1448,10.7,20.3,2.1,63.3,63.3,2.9,,3.6,192,303,,4.9,,,,0.49,0.23,1.2,2.8,
T47,Leguminosas y derivados,"Habas frescas, sin cáscara y sin vaina",151,632,60.6,11.3,0.8,25.9,21.7,0.8,4.2,1.4,31,137,0.58,2,,10,18,0.3,0.09,1.4,28.5,
T48,Leguminosas y derivados,Habas secas con cáscara cruda,340,1423,11.5,23.8,1.5,60.1,60.1,6.4,,3.1,197,413,,13,,,,0.39,0.3,4,8.6,
T49,Leguminosas y derivados,Habas secas sin cáscara,335,1402,13.6,25.9,2.4,55.3,30.3,1.8,25,2.8,48,395,3.14,8,,6,3,0.34,0.31,3.4,2.4,
T50,Leguminosas y derivados,Habas secas sin cáscara cocida,102,427,72.8,7.3,0.5,18.5,13.1,0.5,5.4,0.9,64,53,1.01,0.9,,0,1,0,0.01,0.72,0.9,
T51,Leguminosas y derivados,"Habas, harina de",343,1435,11.9,24.3,1.9,59.6,57.9,4.4,1.7,2.3,67,393,3.14,6.7,,1,2.5,0.36,0.27,2.84,4.7,
T52,Leguminosas y derivados,Lentejas chicas,339,1418,13,22.6,1,61,30.5,3.2,30.5,2.4,73,375,4.78,7.6,,4,2,0.21,0.29,2.9,5.5,
T53,Leguminosas y derivados,Lentejas chicas cocidas,97,406,74.6,6.4,0.1,18.3,10.4,1.1,7.9,0.6,43,80,1.27,1.7,,,0,0,0.07,0.5,0,
T54,Leguminosas y derivados,Lentejas grandes,338,1414,12.4,23.2,1.1,61,30.5,4,30.5,2.3,71,263,4.78,4.8,,4,2,0.34,0.25,2.17,4.4,
T55,Leguminosas y derivados,Pallar morado,336,1406,12.1,20,1.3,62.8,43.8,4.7,19,3.8,51,358,2.83,3.8,,,0,0.5,0.57,2.52,0,
T56,Leguminosas y derivados,Pallar seco,331,1385,11.6,20.4,1.2,61.4,42.4,3.8,19,5.4,70,318,2.83,6.7,,3,0,0.28,0.28,3.2,7.5,
T57,Leguminosas y derivados,Pallar sin cáscara,337,1410,12.2,21.6,1.4,61.6,42.6,1,19,3.2,38,205,2.83,5.2,,,0,0.55,0.21,2.25,0,
T58,Leguminosas y derivados,Pallar con cáscara cocida,103,431,72.5,5.9,0.4,19.7,12.7,4.1,7,1.5,28,34,0.95,1.1,,0,0,0,0.02,0.59,0.1,
U01,"Tubérculos, raíces y derivados",Arracacha o racacha,97,406,75.1,0.7,0.3,,22.9,1.1,,1,27,50,,1.1,,0,,0.09,0.08,2.84,27.1,
U02,"Tubérculos, raíces y derivados",Ashipa,178,745,55.3,1.4,0.3,42.7,40.8,0.9,1.9,0.3,29,25,0.16,4.8,,,1,0.06,0.09,0.12,2.1,
U03,"Tubérculos, raíces y derivados",Camote amarillo sin cáscara,116,485,69.9,1.2,0.2,27.6,24.6,1,3,1.1,41,31,0.3,0.8,,39,709,0.1,0.05,0.63,10,
U04,"Tubérculos, raíces y derivados",Camote blanco,119,498,68.8,1.7,0.1,28.3,28.3,0.9,,1.1,26,33,,2.5,,9,,0.14,0.04,0.7,12.9,
U05,"Tubérculos, raíces y derivados",Camote morado sin cáscara,110,460,71.6,1.4,0.3,25.7,25.7,0.9,,1,36,40,,1.4,,11,,0.08,0.05,0.82,13.6,
U06,"Tubérculos, raíces y derivados","Camote, harina de",353,1477,9.9,2.1,0.9,84.3,81.3,1.8,3,2.8,153,99,0.3,5.7,,1542,709,0.17,0.17,1.67,7.9,
U07,"Tubérculos, raíces y derivados",Curao,65,272,82.5,1.6,0.1,14.7,14.7,0.6,,1.1,22,59,,1.8,,14,,0.08,0.06,0.48,3.3,
U08,"Tubérculos, raíces y derivados",Koshñipa,142,594,63.2,1.6,0.2,33.6,33.6,1.2,,1.4,108,138,,0.3,,,,0.06,0.13,0.54,58.5,
U09,"Tubérculos, raíces y derivados",Kuros,98,410,74.5,1.8,0.2,22.6,22.6,1.1,,0.9,11,59,,0.5,,0,,0.14,0.04,1.66,9.4,
U10,"Tubérculos, raíces y derivados",Llacón,54,226,86.6,0.3,0.3,12.5,12.5,0.5,,0.3,23,21,,0.3,,12,,0.02,0.11,0.34,13.1,
U11,"Tubérculos, raíces y derivados",Maca (tubérculo seco),314,1314,15.3,11.8,1.6,66.3,66.3,,,5,247,183,,14.7,,,,0.2,0.35,,2.5,
U12,"Tubérculos, raíces y derivados",Maca silvestre,71,297,79.8,3.5,1,13.2,13.2,,,2.5,37,0,,49.9,,,,0.2,0.35,,2.1,
U13,"Tubérculos, raíces y derivados","Maca, afrechillo",330,1381,12,10.5,0.6,73.4,73.4,,,3.5,475,135,,29.3,,,,0.22,0.65,,2,
U14,"Tubérculos, raíces y derivados","Maca, almidón",350,1464,11,6.1,1.2,80.1,80.1,,,1.6,175,70,,31.7,,,,0.15,0.07,,2.8,
U15,"Tubérculos, raíces y derivados","Maca, pasta integral",292,1222,11.1,14,1,68.4,68.4,,,5.5,245,192,,25,,,,0.28,0.6,,8,
U16,"Tubérculos, raíces y derivados",Mashua P.C.,50,209,87.4,1.5,0.7,9.8,9.8,0.9,,0.6,12,29,,1,,12,,0.1,0.12,0.67,77.5,
U17,"Tubérculos, raíces y derivados",Olluco sin cáscara,62,259,83.7,1.1,0.1,14.3,14.3,0.8,,0.8,3,28,,1.1,,5,,0.05,0.03,0.2,11.5,
U18,"Tubérculos, raíces y derivados",Papa amarilla sin cáscara,103,431,73.2,2,0.4,23.3,22.9,0.7,0.4,1.1,6,52,0.29,0.4,,0,0,0.07,0.06,1.85,9,
U19,"Tubérculos, raíces y derivados",Papa blanca,97,406,74.5,2.1,0.1,22.3,19.9,0.6,2.4,1,9,47,0.29,0.5,,3,0,0.09,0.09,1.67,14,
U20,"Tubérculos, raíces y derivados",Papa chuño negro,333,1393,14.1,4,0.2,79.4,79.4,1.9,,2.3,44,203,,0.9,,,,0.13,0.17,3.4,1.7,
U21,"Tubérculos, raíces y derivados",Papa color morado deshidratada,324,1356,13.3,8.7,0.2,74.1,74.1,,,3.7,23,180,,2.6,,,,0.18,0.05,,1.4,
U22,"Tubérculos, raíces y derivados",Papa helada amarga,180,753,54.5,1.8,0.6,42.1,42.1,2,,1,58,54,,2.8,,,,0.07,0.2,1.65,1,
U23,"Tubérculos, raíces y derivados",Papa huayro con cáscara,70,293,81,1.9,0.1,15.9,15.9,1.7,,1.1,10,61,0.33,0.73,,0,0,0.08,0.03,1.15,8.6,
U24,"Tubérculos, raíces y derivados",Papa moraya chuño pelado,323,1351,18.1,1.9,0.5,77.7,77.7,2.1,,1.8,92,54,,3.3,,0,,0.03,0.04,0.38,1.1,
U25,"Tubérculos, raíces y derivados",Papa seca,322,1347,14.8,8.2,0.7,72.8,72.8,1.8,,3.5,47,200,,4.5,,0,,0.19,0.09,5,3.2,
U26,"Tubérculos, raíces y derivados","Papa, harina de",332,1389,10.9,6.4,0.4,77.1,71.2,2.3,5.9,5.2,82,199,0.54,1,,0,0,0.18,0.051,3507,8.9,
U27,"Tubérculos, raíces y derivados",Papas deshidratadas con lejía,319,1335,14,8,0.3,73.1,73.1,,,4.6,48,185,,1.7,,,,0.22,0.05,,1.4,
U28,"Tubérculos, raíces y derivados",Pituca o taro,102,427,73.7,1.6,0.5,23.2,19.1,0.8,4.1,1,50,41,0.23,1.2,,1,4,0.03,0.06,0.72,4.4,
U29,"Tubérculos, raíces y derivados","Pituca, harina de",342,1431,9.7,8.1,0.3,78.6,78.6,,,3.3,97,141,,7,,0,,0.2,0.08,,1.9,
U30,"Tubérculos, raíces y derivados",Radiche,81,339,78,1.8,0.1,18.6,18.6,1.4,,1.5,104,52,,1.4,,3,,0.03,0.09,0.38,6,
U31,"Tubérculos, raíces y derivados",Remolacha raíz,43,180,87.6,1.6,0.2,9.6,6.8,1,2.8,1.1,16,40,0.35,0.8,,0,2,0.03,0.04,0.33,4.9,
U32,"Tubérculos, raíces y derivados",Sachapapa,112,469,72.2,1.8,1.5,23.5,19.4,0.4,4.1,1,3,30,0.24,0.7,,0,7,0.09,0.03,0.44,3.1,
U33,"Tubérculos, raíces y derivados","Sachapapa, tubérculo",141,590,62.6,2.7,0.1,33,33,,,1.6,5,59,,0.3,,,,0.17,0.03,,2.1,
U34,"Tubérculos, raíces y derivados",Yuca amarilla fresca sin cáscara,161,674,59,0.6,0.2,39.1,37.3,0.9,1.8,1.1,35,62,0.24,0.4,,15,1,0.03,0.04,0.66,36.3,
U35,"Tubérculos, raíces y derivados",Yuca asada,183,766,53.7,0.6,0.3,44.4,42.6,1.2,1.8,1,29,69,0.24,0.2,,39,1,0.02,0.01,0.79,22.9,
U36,"Tubérculos, raíces y derivados",Yuca blanca fresca sin cáscara,162,678,58.9,0.8,0.2,39.3,37.5,1.1,1.8,0.8,25,52,0.24,0.5,,1,1,0.04,0.04,0.76,30.7,
U37,"Tubérculos, raíces y derivados",Yuca blanca sancochada,150,628,62,0.5,0.2,36.4,34.6,1,1.8,0.9,26,60,0.24,0.2,,31,1,0.02,0.02,0.53,22.7,
U38,"Tubérculos, raíces y derivados","Yuca, harina de",335,1402,14.3,1.7,0.5,80.9,80.9,1.8,,2.6,155,110,,5.3,,0,,0.08,0.07,1.6,13.6,
V01,Tubérculos andinos,Oca variedad nativa caya oga con cáscara,30,126,82.6,0.8,0.4,15.4,6.2,,9.2,0.9,,,,3.84,,,,,,,30.85,
V02,Tubérculos andinos,Oca variedad nativa garwuaricra con cáscara,29,123,84.5,0.9,0.4,13.5,5.94,,7.6,0.7,,,,0.79,,,,,,,32.32,
V03,Tubérculos andinos,Papa variedad nativa capulí con cáscara ,115,483,65.7,1.2,0.3,31.5,27.13,,4.3,1.3,5,,,1.72,,,,,,,23.7,
V04,Tubérculos andinos,Papa variedad nativa caramarquina con cáscara,98,408,69.3,1.7,0.3,27.5,22.43,,5,1.2,6,,,1.1,,,,,,,22.62,
V05,Tubérculos andinos,Papa variedad nativa chimbina amarilla con cáscara,68,285,75.3,2.3,0.2,21,14.8,,6.2,1.2,,,,0.69,,,,,,,20.37,
V06,Tubérculos andinos,Papa variedad nativa huagalina con cáscara,54,225,77.9,2.4,0.2,18.3,11.22,,7.1,1.2,,,,0.56,,,,,,,24.44,
V07,Tubérculos andinos,Papa variedad nativa hualash con cáscara,54,224,78.6,2,0.4,17.6,11.01,,6.6,1.4,6,,,0.56,,,,,,,25.08,
V08,Tubérculos andinos,Papa variedad nativa huayro con cáscara,76,319,75.1,1.7,0.2,21.8,17.27,,4.5,1.1,,,,0.53,,,,,,,26.33,
V09,Tubérculos andinos,Papa variedad nativa huevo de toro con cáscara,72,301,73.8,2.4,0.3,22.4,15.61,,6.8,1.1,,,,0.66,,,,,,,18.94,
V10,Tubérculos andinos,Papa variedad nativa limeña con cáscara,68,286,75.2,2.5,0.3,20.9,14.6,,6.3,1.2,,,,0.53,,,,,,,19.47,
V11,Tubérculos andinos,Papa variedad nativa maga blanca con cáscara,65,271,76.8,3,0.3,18.9,13.45,,5.4,1.1,,,,0.42,,,,,,,22.98,
V12,Tubérculos andinos,Papa variedad nativa peruanita con cáscara,78,327,74.1,2,0.3,22.4,17.31,,5.1,1.2,,,,0.38,,,,,,,17.74,
V13,Tubérculos andinos,Papa variedad nativa puca pampamachay con cáscara ,81,339,71.9,2,0.2,24.8,18.33,,6.4,1.1,6,,,1.28,,,,,,,22.1,
V14,Tubérculos andinos,Papa variedad nativa Puca pishgosh con cáscara,99,416,68.8,1.9,0.5,27.5,22.41,,5,1.5,11,,,1.01,,,,,,,22.11,
V15,Tubérculos andinos,Papa variedad nativa quinuapa tulum con cáscara,70,293,74.3,1.9,0.5,21.8,15.1,,6.7,1.6,7,,,0.95,,,,,,,26.64,
V16,Tubérculos andinos,Papa variedad nativa sapa negra con cáscara,72,301,73.7,2.2,0.3,22.6,15.72,,6.9,1.2,,,,0.74,,,,,,,30.22,
V17,Tubérculos andinos,Papa variedad nativa yana shaque con cáscara,108,450,67.6,1.8,0.4,29.1,24.66,,4.5,1.1,6,,,0.86,,,,,,,24.02,
